id;Date;HStart;HEnd;Summary;TD;Location;Description
1;2023-10-26:;08:00:00;10:00:00;Syst1;TP1;B8;::1ATP1:WEZLMICHAEL::(Updated:10/10/202318:36)
2;2023-10-25:;11:30:00;14:30:00;Elec1;TP4;B1bis;::1ATP4:CAPALLERAFLORENCE::(Updated:20/10/202317:03)
3;2023-09-26:;08:00:00;09:00:00;Init-Rés1;Cours;A5-A5bis;::1A:FREITASANTONIO::(Updated:07/07/202311:28)
4;2023-12-06:;12:30:00;14:30:00;RLAN1;TDB;C5;::1ATDB:FREITASANTONIO::(Updated:09/11/202316:02)
5;2024-01-22:;15:00:00;18:00:00;SAE13;TP4;C1;::1ATP4:CAPALLERAFLORENCE::(Updated:14/12/202316:48)
6;2023-10-16:;11:30:00;13:30:00;Elec1;TDA;A5bis;::1ATDA:CAPALLERAFLORENCE::(Updated:05/10/202318:50)
7;2024-01-19:;07:00:00;09:00:00;Anglais1;TP1;B2;::1ATP1:BEIGNONDAGOSTINOLAURE::(Updated:19/12/202310:34)
8;2024-01-10:;09:00:00;11:00:00;Gest_projet;TDC;B7;::1ATDC:MAYETKARINE::(Updated:19/12/202315:39)
9;2023-10-25:;08:00:00;10:00:00;Archi-Sys1;Examen;SalleexamenMPC003;::1A:JACQUETJEAN-PAUL::(Updated:12/09/202311:44)
10;2024-01-11:;09:00:00;11:00:00;SAE14;TP2;B2;::1ATP2:BEIGNONDAGOSTINOLAURE::(Updated:27/11/202315:54)
11;2023-10-13:;08:00:00;10:00:00;Syst1;TP5;C5;::1ATP5:JACQUETFREDERIQUE::(Updated:25/09/202316:57)
12;2023-10-18:;11:30:00;13:30:00;SAE12;TDB;B3;::1ATDB:FREITASANTONIO::(Updated:05/10/202318:48)
13;2024-01-11:;12:30:00;14:30:00;Anglais1;TP3;B2;::1ATP3:BEIGNONDAGOSTINOLAURE::(Updated:11/12/202309:42)
14;2024-01-17:;12:00:00;15:00:00;RLAN1;TP2;C1bis;::1ATP2:FREITASANTONIO::(Updated:27/11/202315:27)
15;2023-10-02:;13:30:00;15:30:00;SAE11;TDB;B7;::1ATDB:GIRAUDNADINE::(Updated:25/09/202313:26)
16;2023-10-03:;08:00:00;10:00:00;Elec1;TDC;A6;::1ATDC:CAPALLERAFLORENCE::(Updated:25/09/202313:48)
17;2023-12-13:;12:30:00;14:30:00;Gest_projet;TDA;A5bis;::1ATDA:MAYETKARINE::(Updated:20/11/202310:17)
18;2023-09-18:;11:30:00;13:30:00;Telecom1;TDB;A8;::1ATDB:CAPALLERAFLORENCE::(Updated:15/09/202318:34)
19;2023-09-28:;13:30:00;15:30:00;SAE12;TP4;C1bis;::1ATP4:DELOSHUGO::(Updated:25/09/202313:23)
20;2023-10-04:;08:00:00;10:00:00;SAE11;TDC;B6;::1ATDC:GIRAUDNADINE::(Updated:25/09/202313:27)
21;2024-01-08:;14:30:00;16:30:00;SAE12;TDB-PT;B3,C1bis;::1ATDB::(Updated:19/12/202311:52)
22;2023-12-13:;09:00:00;11:00:00;RLAN1;TDC;C7;::1ATDC:HERNANDEZSEBASTIEN::(Updated:08/12/202312:44)
23;2023-09-12:;07:00:00;08:00:00;Math-Signal1;Cours;A5-A5bis;::1A:COURSIMAULTDAVID::(Updated:10/07/202312:45)
24;2023-09-20:;08:00:00;10:00:00;Syst1;TDC;B3;::1ATDC:JACQUETFREDERIQUE::(Updated:08/09/202317:15)
25;2023-10-20:;11:00:00;14:00:00;Init-Rés1;TP2;C1bis;::1ATP2:HERNANDEZSEBASTIEN::(Updated:06/10/202316:43)
26;2023-11-16:;07:00:00;09:00:00;Syst1;TP3;C5;::1ATP3:JACQUETFREDERIQUE::(Updated:24/10/202313:50)
27;2023-12-19:;12:00:00;15:00:00;Archi-Rés1;TP2;C1bis;::1ATP2:HERNANDEZSEBASTIEN::(Updated:05/12/202311:40)
28;2023-09-26:;11:30:00;13:30:00;Syst1;TDC;C5;::1ATDC:JACQUETFREDERIQUE::(Updated:18/09/202313:50)
29;2024-02-01:;07:00:00;09:00:00;Anglais2;TP3;B2;::1ATP3:BEIGNONDAGOSTINOLAURE::(Updated:09/01/202409:59)
30;2023-12-21:;08:00:00;11:00:00;SAE13;TP3;C1;::1ATP3:CAPALLERAFLORENCE::(Updated:09/11/202317:01)
31;2023-09-13:;08:00:00;10:00:00;Prog1;TDA;B3;::1ATDA:SIGURETARNAUD::(Updated:10/07/202312:48)
32;2023-11-22:;15:00:00;17:00:00;Web1;TDB;B3;::1ATDB:HABACHIOUSSAMA::(Updated:13/11/202317:35)
33;2024-01-17:;07:30:00;08:30:00;Anglais1;Examen;SalleexamenMPC003;::1A:BEIGNONDAGOSTINOLAURE::(Updated:27/11/202315:55)
34;2023-11-17:;07:00:00;09:00:00;Archi-Rés1;TDA;B3;::1ATDA:HERNANDEZSEBASTIEN::(Updated:16/11/202312:44)
35;2023-11-17:;07:00:00;10:00:00;Init-Rés1;TP4;C1bis;::1ATP4:FREITASANTONIO::(Updated:14/11/202309:58)
36;2023-09-21:;08:00:00;10:00:00;Com1;TDB;B7;::1ATDB:GIRAUDNADINE::(Updated:07/07/202313:38)
37;2023-10-19:;06:00:00;07:00:00;SAE11;TP3;B7;::1ATP3:GIRAUDNADINE::(Updated:17/10/202310:35)
38;2023-12-22:;09:00:00;11:00:00;Math-Trans1;TDA;A6;::1ATDA:COURSIMAULTDAVID::(Updated:09/11/202317:06)
39;2023-10-10:;08:00:00;10:00:00;Prog1;TP2;B8;::1ATP2:ZAYENEMARIEM::(Updated:03/10/202317:54)
40;2023-11-17:;12:00:00;14:00:00;Math-Trans1;TDB;A5;::1ATDB:BENGANAFAYCAL::(Updated:25/10/202311:37)
41;2024-01-24:;07:00:00;09:00:00;Web1;TDC;B8;::1ATDC:ZAYENEMARIEM::(Updated:27/11/202315:08)
42;2023-11-15:;12:00:00;15:00:00;Elec1;TP1;C1;::1ATP1:CAPALLERAFLORENCE::(Updated:24/10/202313:43)
43;2023-12-07:;09:00:00;11:00:00;SAE14;TDB;B3;::1ATDB:HABACHIOUSSAMA::(Updated:09/11/202312:44)
44;2023-12-12:;07:00:00;09:00:00;SAE14;TDC-PT;C5,B4;::1ATDC::(Updated:01/12/202310:02)
45;2023-10-05:;06:00:00;08:00:00;SAE11;TDC-PT;B4,B8;::1ATDC::(Updated:25/09/202313:54)
46;2023-10-10:;14:00:00;16:00:00;Anglais1;TDC;LabomultimédiaA105,B2;::1ATDC:BEIGNONDAGOSTINOLAURE::(Updated:10/10/202312:22)
47;2023-11-21:;12:00:00;15:00:00;Init-Rés1;TP5;B8;::1ATP5:FREITASANTONIO::(Updated:13/11/202317:36)
48;2023-10-05:;13:30:00;15:30:00;Prog1;TP3;B1bis;::1ATP3:ZAYENEMARIEM::(Updated:03/10/202311:32)
49;2023-09-29:;11:30:00;13:30:00;SAE12;TP2;C1bis;::1ATP2:ZAYENEMARIEM::(Updated:25/09/202313:25)
50;2024-01-08:;09:00:00;11:00:00;SAE15;TDA-PT;C7,B3;::1ATDA::(Updated:18/12/202310:33)
51;2023-10-11:;08:00:00;10:00:00;Math-Signal1;TDB;A6;::1ATDB:COURSIMAULTDAVID::(Updated:25/09/202316:26)
52;2024-02-01:;14:30:00;16:30:00;Anglais2;TP2;B2;::1ATP2:BEIGNONDAGOSTINOLAURE::(Updated:08/01/202418:32)
53;2023-10-03:;11:30:00;13:30:00;Math-Signal1;TDB;A5bis;::1ATDB:COURSIMAULTDAVID::(Updated:25/09/202313:08)
54;2023-12-21:;07:00:00;09:00:00;Math-Trans1;TDA;A5;::1ATDA:COURSIMAULTDAVID::(Updated:09/11/202317:06)
55;2023-10-10:;08:00:00;10:00:00;Elec1;TDC;A8;::1ATDC:CAPALLERAFLORENCE::(Updated:28/09/202311:52)
56;2024-01-18:;09:00:00;11:00:00;Math-Trans1;TDA;B3;::1ATDA:COURSIMAULTDAVID::(Updated:19/12/202312:34)
57;2023-12-01:;12:30:00;14:30:00;Archi-Rés1;TDB;B3;::1ATDB:FREITASANTONIO::(Updated:27/11/202315:18)
58;2023-09-26:;13:30:00;15:30:00;Prog1;TP5;C5;::1ATP5:SIGURETARNAUD::(Updated:26/09/202312:48)
59;2024-01-30:;14:30:00;16:30:00;Prog2;TDA;B3;::1ATDA:ZAYENEMARIEM::(Updated:09/01/202410:28)
60;2023-12-13:;07:00:00;09:00:00;Math-Trans1;TDC;A8;::1ATDC:MATARHOUSSEIN::(Updated:09/11/202316:27)
61;2023-10-03:;06:00:00;08:00:00;Init-Rés1;TDB;B3;::1ATDB:HERNANDEZSEBASTIEN::(Updated:25/09/202317:19)
62;2024-01-15:;12:30:00;14:30:00;Anglais1;TP3;B2;::1ATP3:BEIGNONDAGOSTINOLAURE::(Updated:27/11/202315:26)
63;2023-11-16:;12:30:00;14:30:00;Web1;TDA;B3;::1ATDA:ZAYENEMARIEM::(Updated:16/10/202319:02)
64;2023-11-20:;09:00:00;11:00:00;SAE15;TDA;B3;::1ATDA:JACQUETFREDERIQUE::(Updated:09/11/202310:22)
65;2024-01-23:;08:00:00;11:00:00;SAE13;TP5;C1;::1ATP5:CAPALLERAFLORENCE::(Updated:27/11/202315:49)
66;2023-10-10:;08:00:00;10:00:00;Prog1;TP1;B6;::1ATP1:SIGURETARNAUD::(Updated:03/10/202317:54)
67;2024-01-22:;08:00:00;11:00:00;RLAN1;TP4;C1bis;::1ATP4:CHEBBISAMAR::(Updated:27/11/202315:00)
68;2023-12-05:;15:00:00;18:00:00;Archi-Rés1;TP4;C1bis;::1ATP4:FREITASANTONIO::(Updated:09/11/202312:50)
69;2023-11-29:;07:00:00;09:00:00;Com1;TP5;B7;::1ATP5:GIRAUDNADINE::(Updated:13/11/202312:05)
70;2023-10-24:;06:00:00;08:00:00;Com1;TDC;B7;::1ATDC:GIRAUDNADINE::(Updated:10/10/202318:12)
71;2023-09-14:;13:30:00;15:30:00;PPP1;TDB;B7;::1ATDB:GIRAUDNADINE::(Updated:30/08/202311:50)
72;2023-11-27:;14:30:00;16:30:00;Anglais1;TP4;LabomultimédiaA105;::1ATP4:GORDONNATHALIE::(Updated:13/11/202313:03)
73;2023-12-01:;12:00:00;14:00:00;Syst1;TP5;C5;::1ATP5:JACQUETFREDERIQUE::(Updated:30/11/202315:30)
74;2023-10-25:;06:30:00;07:30:00;Archi-Rés1;Cours;A5-A5bis;::1A:FREITASANTONIO::(Updated:10/10/202313:23)
75;2023-10-02:;08:00:00;10:00:00;Syst1;TDA;B3;::1ATDA:JACQUETFREDERIQUE::(Updated:25/09/202317:01)
76;2023-12-14:;14:30:00;16:30:00;Prog1;TP2;B3;::1ATP2:ZAYENEMARIEM::(Updated:06/12/202309:48)
77;2023-12-06:;09:00:00;11:00:00;SAE14;TDA;B3;::1ATDA:HABACHIOUSSAMA::(Updated:09/11/202312:44)
78;2023-12-13:;12:30:00;14:30:00;Com1;TP4;B7;::1ATP4:GIRAUDNADINE::(Updated:04/12/202314:36)
79;2023-09-14:;14:00:00;16:00:00;Syst1;TDC;C5;::1ATDC:JACQUETFREDERIQUE::(Updated:11/09/202316:08)
80;2023-12-01:;07:00:00;09:00:00;SAE14;TP5;B7;::1ATP5:BEIGNONDAGOSTINOLAURE::(Updated:27/11/202310:57)
81;2023-09-12:;13:30:00;15:30:00;Anglais1;TDC;B2,LabomultimédiaA109;::1ATDC:BEIGNONDAGOSTINOLAURE::(Updated:15/09/202300:53)
82;2023-10-06:;08:00:00;10:00:00;Elec1;TDA;A6;::1ATDA:CAPALLERAFLORENCE::(Updated:06/10/202311:20)
83;2023-09-27:;08:00:00;10:00:00;Archi-Sys1;TDA;A5bis;::1ATDA:JACQUETJEAN-PAUL::(Updated:26/09/202313:24)
84;2023-11-17:;12:30:00;14:30:00;SAE13;TDA;B3;::1ATDA:COURSIMAULTDAVID::(Updated:24/10/202313:48)
85;2024-02-01:;14:30:00;16:30:00;Internet2;TDB;A5bis;::1ATDB:HERNANDEZSEBASTIEN::(Updated:09/01/202410:18)
86;2023-11-21:;07:00:00;09:00:00;SAE12;TDC;C5;::1ATDC:HERNANDEZSEBASTIEN::(Updated:17/11/202309:49)
87;2023-10-24:;11:30:00;12:30:00;SAE11;TP4;B8;::1ATP4:JACQUETFREDERIQUE::(Updated:10/10/202313:34)
88;2023-10-04:;06:00:00;08:00:00;SAE12;TP3;C7;::1ATP3:FREITASANTONIO::(Updated:03/10/202311:00)
89;2023-11-14:;14:30:00;16:30:00;Anglais1;TP2;B2;::1ATP2:BEIGNONDAGOSTINOLAURE::(Updated:16/10/202319:13)
90;2023-10-19:;11:30:00;13:30:00;Prog1;TP2;B3;::1ATP2:ZAYENEMARIEM::(Updated:28/09/202311:08)
91;2023-11-29:;15:30:00;18:30:00;Init-Rés1;TP1;C1bis;::1ATP1:BROSLAURENT::(Updated:19/10/202316:51)
92;2023-10-05:;08:00:00;10:00:00;Syst1;TP2;C5;::1ATP2:JACQUETFREDERIQUE::(Updated:25/08/202312:32)
93;2023-12-19:;09:00:00;11:00:00;RLAN1;TDC;B3;::1ATDC:HERNANDEZSEBASTIEN::(Updated:05/12/202311:42)
94;2023-09-28:;06:00:00;08:00:00;Com1;TDB;B7;::1ATDB:GIRAUDNADINE::(Updated:24/08/202319:29)
95;2024-02-02:;07:00:00;09:00:00;Anglais2;TP4;B2;::1ATP4:BEIGNONDAGOSTINOLAURE::(Updated:08/01/202418:31)
96;2024-01-09:;12:00:00;15:00:00;RLAN1;TP2;C7;::1ATP2:FREITASANTONIO::(Updated:27/11/202315:28)
97;2023-10-05:;08:00:00;10:00:00;Com1;TDB;B7;::1ATDB:GIRAUDNADINE::(Updated:07/07/202313:39)
98;2023-12-19:;12:30:00;14:30:00;Prog1;TP3;B3;::1ATP3:ZAYENEMARIEM::(Updated:06/12/202309:27)
99;2023-10-17:;08:00:00;10:00:00;Syst1;TDB;B3;::1ATDB:JACQUETFREDERIQUE::(Updated:28/09/202311:09)
100;2023-09-26:;11:30:00;13:30:00;Prog1;TDA;B3;::1ATDA:SIGURETARNAUD::(Updated:07/07/202313:33)
101;2024-01-15:;14:30:00;16:30:00;SAE15;TDC;B3;::1ATDC:HABACHIOUSSAMA::(Updated:20/12/202310:00)
102;2023-10-13:;08:00:00;10:00:00;SAE13;TDA-PT;B6,B8;::1ATDA::(Updated:06/10/202311:21)
103;2023-12-20:;09:00:00;11:00:00;SAE14;TDB-PT;B3,C7;::1ATDB::(Updated:09/11/202317:15)
104;2023-10-18:;08:00:00;10:00:00;Archi-Sys1;TDA;A5bis;::1ATDA:JACQUETJEAN-PAUL::(Updated:05/10/202318:42)
105;2023-11-07:;14:30:00;17:30:00;Elec1;TP5;B1bis;::1ATP5:CAPALLERAFLORENCE::(Updated:25/10/202311:43)
106;2023-09-14:;11:30:00;13:30:00;PPP1;TDA;B7;::1ATDA:GIRAUDNADINE::(Updated:08/09/202311:48)
107;2023-11-17:;07:00:00;09:00:00;Syst1;TP5;C5;::1ATP5:JACQUETFREDERIQUE::(Updated:24/10/202313:48)
108;2024-01-09:;09:00:00;11:00:00;RLAN1;TDB;B8;::1ATDB:FREITASANTONIO::(Updated:27/11/202315:03)
109;2023-10-18:;08:00:00;10:00:00;Web1;TDC;C5;::1ATDC:PERRIOTROMAIN::(Updated:28/09/202311:27)
110;2023-11-28:;12:00:00;15:00:00;Telecom1;TP1;C1;::1ATP1:CAPALLERAFLORENCE::(Updated:15/11/202319:57)
111;2023-09-28:;08:00:00;10:00:00;Com1;TDC;B7;::1ATDC:GIRAUDNADINE::(Updated:11/09/202317:17)
112;2023-10-06:;06:00:00;08:00:00;SAE12;TP5;B8;::1ATP5:HERNANDEZSEBASTIEN::(Updated:25/09/202316:59)
113;2024-01-30:;10:00:00;11:00:00;Télécoms2;Cours;A5-A5bis;::1A:CAPALLERAFLORENCE::(Updated:08/01/202417:51)
114;2023-12-20:;14:30:00;16:30:00;SAE14;TP4;B7;::1ATP4:GIRAUDNADINE::(Updated:19/12/202311:22)
115;2023-10-03:;08:00:00;10:00:00;Syst1;TDB;B3;::1ATDB:JACQUETFREDERIQUE::(Updated:25/09/202317:19)
116;2023-10-11:;08:00:00;10:00:00;Archi-Sys1;TDA;A5bis;::1ATDA:JACQUETJEAN-PAUL::(Updated:07/07/202313:05)
117;2023-10-16:;13:30:00;15:30:00;Prog1;TP5;C5;::1ATP5:SIGURETARNAUD::(Updated:05/10/202318:45)
118;2023-09-12:;13:30:00;15:30:00;Syst1;TDB;B3;::1ATDB:JACQUETFREDERIQUE::(Updated:10/07/202313:02)
119;2023-09-15:;11:30:00;13:30:00;Math-Signal1;TDA;A5bis;::1ATDA:MATARHOUSSEIN::(Updated:25/09/202311:14)
120;2023-11-23:;09:00:00;11:00:00;Anglais1;TP4;B2;::1ATP4:BEIGNONDAGOSTINOLAURE::(Updated:31/10/202319:13)
121;2024-01-10:;09:00:00;11:00:00;Math-Trans1;TDA;A5;::1ATDA:COURSIMAULTDAVID::(Updated:27/11/202315:56)
122;2023-12-22:;09:00:00;11:00:00;RLAN1;TDB;B8;::1ATDB:FREITASANTONIO::(Updated:09/11/202317:08)
123;2023-09-21:;06:00:00;08:00:00;Init-Rés1;TDA;B8;::1ATDA:FREITASANTONIO::(Updated:25/09/202312:18)
124;2023-11-15:;07:00:00;09:00:00;SAE15;TDC;C5;::1ATDC:JACQUETFREDERIQUE::(Updated:12/11/202317:58)
125;2023-12-01:;08:00:00;11:00:00;Telecom1;TP4;C1;::1ATP4:CAPALLERAFLORENCE::(Updated:20/11/202310:14)
126;2023-10-04:;12:00:00;14:00:00;Init-Rés1;TDA;B3;::1ATDA:FREITASANTONIO::(Updated:25/09/202313:01)
127;2023-12-18:;14:30:00;16:30:00;Anglais1;TP3;B2;::1ATP3:BEIGNONDAGOSTINOLAURE::(Updated:09/11/202316:59)
128;2023-12-19:;09:00:00;11:00:00;SAE14;TP2;B7;::1ATP2:GIRAUDNADINE::(Updated:09/11/202317:21)
129;2024-01-15:;07:00:00;09:00:00;SAE15;TP1;C5;::1ATP1:HABACHIOUSSAMA::(Updated:08/01/202417:23)
130;2023-11-27:;08:00:00;11:00:00;Telecom1;TP2;C1;::1ATP2:CAPALLERAFLORENCE::(Updated:09/11/202311:32)
131;2024-01-16:;12:30:00;14:30:00;PPP1;TDB;B7;::1ATDB:GIRAUDNADINE::(Updated:27/11/202315:58)
132;2023-10-06:;11:00:00;14:00:00;Init-Rés1;TP2;B8;::1ATP2:HERNANDEZSEBASTIEN::(Updated:28/09/202313:57)
133;2024-01-18:;14:30:00;16:30:00;SAE15;TP5;B3;::1ATP5:HAYEKFREDERIC::(Updated:18/12/202310:36)
134;2024-01-11:;09:00:00;11:00:00;Prog1;TP5;C5;::1ATP5:SIGURETARNAUD::(Updated:11/01/202410:04)
135;2024-01-19:;12:30:00;14:30:00;Math-Trans1;TDB;B3;::1ATDB:BENGANAFAYCAL::(Updated:19/12/202312:30)
136;2023-10-04:;06:00:00;08:00:00;Archi-Sys1;TDC;A5bis;::1ATDC:JACQUETJEAN-PAUL::(Updated:25/09/202313:26)
137;2024-01-23:;07:00:00;09:00:00;SAE15;TDA-PT;B4,C5;::1ATDA::(Updated:27/11/202316:23)
138;2023-10-24:;06:00:00;08:00:00;Syst1;TDB;B3;::1ATDB:JACQUETFREDERIQUE::(Updated:10/10/202313:17)
139;2023-11-15:;15:00:00;18:00:00;Init-Rés1;TP3;B8;::1ATP3:DELOSHUGO::(Updated:20/11/202310:24)
140;2023-09-22:;06:00:00;08:00:00;Math-Signal1;TDC;A5;::1ATDC:BOUAYEDAYMENE::(Updated:10/10/202311:17)
141;2023-11-27:;09:00:00;11:00:00;Math-Trans1;TDC;A8;::1ATDC:BOUAYEDAYMENE::(Updated:09/11/202312:33)
142;2023-10-03:;06:00:00;08:00:00;SAE11;TDA;B7;::1ATDA:GIRAUDNADINE::(Updated:26/09/202312:44)
143;2023-12-11:;14:30:00;16:30:00;SAE14;TDA-PT;B4,B3;::1ATDA::(Updated:17/11/202316:29)
144;2023-12-07:;07:00:00;09:00:00;Com1;TP4;B7;::1ATP4:GIRAUDNADINE::(Updated:09/11/202313:00)
145;2023-10-17:;06:00:00;08:00:00;Math-Signal1;TDC;A6;::1ATDC:BOUAYEDAYMENE::(Updated:10/10/202311:17)
146;2023-12-08:;08:00:00;11:00:00;Archi-Sys1;TP1;C5;::1ATP1:PERRIOTROMAIN::(Updated:09/11/202312:47)
147;2024-01-29:;14:30:00;16:30:00;Math-Num2;TDB;A5bis;::1ATDB:COURSIMAULTDAVID::(Updated:09/01/202410:22)
148;2023-11-22:;07:00:00;09:00:00;SAE15;TP4;B3;::1ATP4:WEZLMICHAEL::(Updated:27/11/202316:15)
149;2023-11-28:;15:00:00;17:00:00;Prog1;TP1;C5;::1ATP1:SIGURETARNAUD::(Updated:28/11/202317:07)
150;2024-01-29:;14:30:00;16:30:00;Anglais2;TP1;B2;::1ATP1:BEIGNONDAGOSTINOLAURE::(Updated:09/01/202410:28)
151;2023-09-25:;13:30:00;15:30:00;Init-Rés1;TDB;B3;::1ATDB:HERNANDEZSEBASTIEN::(Updated:25/09/202312:19)
152;2023-10-06:;08:00:00;10:00:00;Math-Signal1;TDC;A8;::1ATDC:BOUAYEDAYMENE::(Updated:10/10/202311:17)
153;2023-12-08:;12:00:00;15:00:00;Telecom1;TP4;C1;::1ATP4:CAPALLERAFLORENCE::(Updated:28/11/202318:47)
154;2023-10-05:;11:30:00;13:30:00;Anglais1;TDB;LabomultimédiaA109;::1ATDB:BEIGNONDAGOSTINOLAURE::(Updated:17/07/202317:40)
155;2023-09-14:;08:00:00;10:00:00;Math-Signal1;TDC;A8;::1ATDC:BOUAYEDAYMENE::(Updated:10/10/202311:17)
156;2023-09-15:;07:00:00;08:00:00;SAE12;Cours;A5-A5bis;::1A:HERNANDEZSEBASTIEN::(Updated:08/09/202313:01)
157;2024-02-01:;12:30:00;14:30:00;Prog2;TDB;B3;::1ATDB:HABACHIOUSSAMA::(Updated:09/01/202410:00)
158;2023-11-07:;12:30:00;14:30:00;Prog1;TP1;C5;::1ATP1:SIGURETARNAUD::(Updated:29/10/202318:08)
159;2023-10-11:;06:00:00;08:00:00;Archi-Sys1;TDB;A5bis;::1ATDB:JACQUETJEAN-PAUL::(Updated:01/10/202322:56)
160;2023-10-09:;07:00:00;08:00:00;Math-Signal1;Cours;A5-A5bis;::1A:COURSIMAULTDAVID::(Updated:25/09/202316:25)
161;2023-10-17:;09:00:00;10:00:00;SAE11;TP5;B7;::1ATP5:GIRAUDNADINE::(Updated:17/10/202310:35)
162;2023-12-04:;12:30:00;14:30:00;Com1;TP5;B7;::1ATP5:GIRAUDNADINE::(Updated:09/11/202313:00)
163;2023-09-29:;06:00:00;09:00:00;Init-Rés1;TP3;B8;::1ATP3:DELOSHUGO::(Updated:20/11/202310:24)
164;2023-10-26:;11:30:00;14:30:00;Elec1;TP3;B1bis;::1ATP3:CAPALLERAFLORENCE::(Updated:20/10/202317:03)
165;2023-12-12:;12:30:00;14:30:00;Anglais1;TP5;LabomultimédiaA105;::1ATP5:GORDONNATHALIE::(Updated:13/12/202311:14)
166;2024-01-31:;09:00:00;11:00:00;Com2;TDB;B7;::1ATDB:GIRAUDNADINE::(Updated:09/01/202410:23)
167;2023-11-15:;07:00:00;09:00:00;Prog1;TP2;B8;::1ATP2:ZAYENEMARIEM::(Updated:24/10/202313:48)
168;2023-11-28:;15:00:00;18:00:00;Archi-Rés1;TP3;C7;::1ATP3:DELOSHUGO::(Updated:09/11/202311:30)
169;2023-10-19:;13:30:00;15:30:00;Anglais1;TP4;B2;::1ATP4:BEIGNONDAGOSTINOLAURE::(Updated:28/09/202311:26)
170;2023-12-06:;07:00:00;09:00:00;SAE14;TDC;B3;::1ATDC:HABACHIOUSSAMA::(Updated:09/11/202312:45)
171;2023-10-06:;07:00:00;10:00:00;Init-Rés1;TP4;C7;::1ATP4:FREITASANTONIO::(Updated:25/08/202313:11)
172;2023-11-10:;07:00:00;10:00:00;Init-Rés1;TP3;C1bis;::1ATP3:DELOSHUGO::(Updated:20/11/202310:24)
173;2023-12-01:;13:00:00;15:00:00;Gest_projet;TDA;B7;::1ATDA:MAYETKARINE::(Updated:20/11/202310:14)
174;2024-02-02:;13:30:00;14:30:00;Numérisation2;Cours;A5-A5bis;::1A:COURSIMAULTDAVID::(Updated:08/01/202418:19)
175;2023-10-19:;13:30:00;15:30:00;Web1;TDA;B3;::1ATDA:ZAYENEMARIEM::(Updated:05/10/202317:41)
176;2023-09-21:;08:00:00;10:00:00;SAE11;TDA;B3;::1ATDA:JACQUETFREDERIQUE::(Updated:15/09/202317:30)
177;2023-10-03:;13:30:00;15:30:00;Anglais1;TDA;LabomultimédiaA105;::1ATDA:BEIGNONDAGOSTINOLAURE::(Updated:18/09/202312:58)
178;2023-10-26:;11:30:00;13:30:00;SAE12;TDC-PT;C5,B3;::1ATDC::(Updated:10/10/202318:18)
179;2023-11-24:;09:00:00;11:00:00;SAE15;TDC-PT;A5bis,A5;::1ATDC::(Updated:20/11/202310:05)
180;2023-11-09:;12:00:00;15:00:00;Elec1;TP3;B1bis;::1ATP3:CAPALLERAFLORENCE::(Updated:07/11/202317:40)
181;2023-10-05:;08:00:00;10:00:00;Syst1;TP1;B3;::1ATP1:WEZLMICHAEL::(Updated:25/08/202312:32)
182;2024-01-09:;12:30:00;14:30:00;Anglais1;TP1;B2;::1ATP1:BEIGNONDAGOSTINOLAURE::(Updated:27/11/202315:25)
183;2023-10-11:;13:30:00;16:30:00;Init-Rés1;TP2;B8;::1ATP2:HERNANDEZSEBASTIEN::(Updated:25/09/202317:04)
184;2023-11-08:;07:00:00;09:00:00;Com1;TP2;B7;::1ATP2:GIRAUDNADINE::(Updated:13/10/202311:31)
185;2023-11-09:;12:30:00;14:30:00;Web1;TDC;C5;::1ATDC:PERRIOTROMAIN::(Updated:29/10/202318:01)
186;2023-09-25:;08:00:00;10:00:00;Init-Rés1;TDC;B8;::1ATDC:FREITASANTONIO::(Updated:25/09/202312:19)
187;2023-10-27:;13:30:00;14:30:00;SAE11;TP1;B8;::1ATP1:JACQUETFREDERIQUE::(Updated:10/10/202313:12)
188;2023-11-17:;12:00:00;15:00:00;Elec1;TP5;C1;::1ATP5:CAPALLERAFLORENCE::(Updated:15/11/202316:03)
189;2023-10-02:;11:30:00;13:30:00;Com1;TDA;B7;::1ATDA:GIRAUDNADINE::(Updated:25/09/202313:26)
190;2024-02-01:;12:30:00;14:30:00;Télécoms2;TDA;A5bis;::1ATDA:CAPALLERAFLORENCE::(Updated:09/01/202410:25)
191;2023-09-26:;06:00:00;08:00:00;Com1;TDA;B7;::1ATDA:GIRAUDNADINE::(Updated:18/09/202313:52)
192;2023-12-08:;12:30:00;14:30:00;SAE14;TDA-PT;B6,B4;::1ATDA::(Updated:28/11/202318:47)
193;2023-11-13:;10:00:00;11:00:00;Math-Trans1;Cours;A5-A5bis;::1A:COURSIMAULTDAVID::(Updated:16/10/202318:36)
194;2023-09-19:;13:30:00;15:30:00;Anglais1;TDA;LabomultimédiaA105;::1ATDA:BEIGNONDAGOSTINOLAURE::(Updated:18/09/202312:58)
195;2024-01-18:;14:30:00;16:30:00;SAE15;TDB-PT;C5,B6;::1ATDB::(Updated:18/12/202310:36)
196;2023-09-19:;07:00:00;08:00:00;Elec1;Cours;A5-A5bis;::1A:CAPALLERAFLORENCE::(Updated:07/07/202311:37)
197;2024-01-12:;08:00:00;11:00:00;RLAN1;TP4;C1bis;::1ATP4:CHEBBISAMAR::(Updated:27/11/202314:57)
198;2023-10-16:;11:30:00;12:30:00;SAE11;TP4;B7;::1ATP4:GIRAUDNADINE::(Updated:05/10/202318:47)
199;2023-10-26:;08:00:00;10:00:00;Prog1;TP4;B6;::1ATP4:PERRIOTROMAIN::(Updated:10/10/202318:35)
200;2024-01-16:;09:00:00;11:00:00;PPP1;TDA;B7;::1ATDA:GIRAUDNADINE::(Updated:27/11/202315:58)
201;2023-11-20:;14:30:00;16:30:00;Anglais1;TP2;B2;::1ATP2:BEIGNONDAGOSTINOLAURE::(Updated:31/10/202319:07)
202;2023-11-27:;12:30:00;14:30:00;Archi-Rés1;TDA;B3;::1ATDA:HERNANDEZSEBASTIEN::(Updated:14/11/202309:58)
203;2023-09-29:;11:30:00;13:30:00;SAE12;TP1;B8;::1ATP1:HERNANDEZSEBASTIEN::(Updated:25/09/202313:24)
204;2023-11-07:;14:30:00;16:30:00;Math-Signal1;TDA;A6;::1ATDA:MATARHOUSSEIN::(Updated:29/10/202318:04)
205;2023-10-25:;11:30:00;14:30:00;Init-Rés1;TP5;C7;::1ATP5:FREITASANTONIO::(Updated:10/10/202318:42)
206;2023-11-27:;15:00:00;18:00:00;Init-Rés1;TP3;C1bis;::1ATP3:DELOSHUGO::(Updated:14/11/202310:30)
207;2023-12-13:;07:00:00;09:00:00;Com1;TP1;B7;::1ATP1:GIRAUDNADINE::(Updated:08/12/202312:42)
208;2023-10-27:;08:00:00;10:00:00;Web1;TDA;B3;::1ATDA:ZAYENEMARIEM::(Updated:10/10/202313:16)
209;2024-01-16:;12:30:00;14:30:00;SAE15;TDA;B3;::1ATDA:HABACHIOUSSAMA::(Updated:19/12/202312:35)
210;2023-12-20:;15:00:00;18:00:00;Elec1;TP3;C1;::1ATP3:CAPALLERAFLORENCE::(Updated:04/12/202310:30)
211;2023-09-22:;11:30:00;13:30:00;Math-Signal1;TDB;A5;::1ATDB:COURSIMAULTDAVID::(Updated:11/09/202315:41)
212;2023-12-14:;09:00:00;11:00:00;Prog1;TP4;B3;::1ATP4:PERRIOTROMAIN::(Updated:01/12/202310:00)
213;2023-11-06:;14:30:00;16:30:00;Com1;TP5;B7;::1ATP5:GIRAUDNADINE::(Updated:29/10/202318:04)
214;2023-11-06:;12:30:00;14:30:00;Elec1;TDB;A5bis;::1ATDB:CAPALLERAFLORENCE::(Updated:13/10/202311:32)
215;2023-11-29:;09:00:00;11:00:00;Prog1;TP2;B8;::1ATP2:ZAYENEMARIEM::(Updated:20/11/202310:42)
216;2023-12-06:;15:30:00;18:30:00;Archi-Rés1;TP1;B8;::1ATP1:BROSLAURENT::(Updated:09/11/202311:19)
217;2023-10-17:;11:30:00;12:30:00;SAE11;TP1;B7;::1ATP1:GIRAUDNADINE::(Updated:28/09/202311:31)
218;2023-10-23:;13:30:00;15:30:00;SAE13;TDA;B3;::1ATDA:COURSIMAULTDAVID::(Updated:10/10/202313:49)
219;2023-10-17:;13:30:00;15:30:00;Anglais1;TP1;LabomultimédiaA109;::1ATP1:GORDONNATHALIE::(Updated:06/10/202318:42)
220;2024-01-23:;09:00:00;11:00:00;PPP1;TDA;B7;::1ATDA:GIRAUDNADINE::(Updated:27/11/202315:29)
221;2023-12-13:;14:30:00;16:30:00;Gest_projet;TDC;A5bis;::1ATDC:MAYETKARINE::(Updated:05/12/202316:12)
222;2023-12-11:;12:30:00;14:30:00;Math-Trans1;TDA;A6;::1ATDA:COURSIMAULTDAVID::(Updated:09/11/202316:27)
223;2024-01-19:;13:00:00;15:00:00;PPP1;TDC;B7;::1ATDC:MAYETKARINE::(Updated:21/12/202311:22)
224;2024-01-24:;07:00:00;09:00:00;Web1;TDB;C.106InformatiqueTD;::1ATDB:PERRIOTROMAIN::(Updated:02/12/202316:48)
225;2023-11-20:;14:30:00;16:30:00;Prog1;TP1;B3;::1ATP1:SIGURETARNAUD::(Updated:14/11/202310:28)
226;2023-11-16:;09:00:00;11:00:00;Prog1;TP3;B1bis;::1ATP3:ZAYENEMARIEM::(Updated:16/10/202318:44)
227;2024-01-15:;12:30:00;14:30:00;SAE14;TP5;B7;::1ATP5:GIRAUDNADINE::(Updated:20/12/202309:59)
228;2023-11-22:;12:00:00;15:00:00;Archi-Sys1;TP2;C5;::1ATP2:PERRIOTROMAIN::(Updated:15/11/202312:30)
229;2023-12-14:;14:30:00;16:30:00;Com1;TP3;B7;::1ATP3:GIRAUDNADINE::(Updated:06/12/202309:32)
230;2024-02-01:;09:00:00;11:00:00;Télécoms2;TDB;A5bis;::1ATDB:CAPALLERAFLORENCE::(Updated:09/01/202410:26)
231;2023-09-26:;13:30:00;15:30:00;Anglais1;TDA;LabomultimédiaA105;::1ATDA:BEIGNONDAGOSTINOLAURE::(Updated:18/09/202312:58)
232;2023-12-20:;07:00:00;09:00:00;Anglais1;TP4;LabomultimédiaA109;::1ATP4:GORDONNATHALIE::(Updated:20/12/202311:38)
233;2024-02-02:;10:00:00;11:00:00;Admin_Sys2;Cours;A5-A5bis;::1A:HERNANDEZSEBASTIEN::(Updated:08/01/202418:15)
234;2023-10-09:;11:30:00;13:30:00;Prog1;TP3;B6;::1ATP3:ZAYENEMARIEM::(Updated:03/10/202317:50)
235;2024-01-12:;07:00:00;09:00:00;Anglais1;TP3;B2;::1ATP3:BEIGNONDAGOSTINOLAURE::(Updated:11/12/202309:41)
236;2023-11-20:;15:00:00;18:00:00;Init-Rés1;TP4;C1bis;::1ATP4:FREITASANTONIO::(Updated:14/11/202310:29)
237;2023-11-24:;07:00:00;09:00:00;SAE15;TP5;C5;::1ATP5:JACQUETFREDERIQUE::(Updated:27/11/202316:15)
238;2023-12-18:;08:00:00;11:00:00;SAE13;TP5;C1;::1ATP5:CAPALLERAFLORENCE::(Updated:09/11/202317:03)
239;2023-11-30:;14:30:00;16:30:00;Prog1;TP3;B1bis;::1ATP3:ZAYENEMARIEM::(Updated:09/11/202315:39)
240;2023-10-24:;11:30:00;13:30:00;Com1;TDA;B7;::1ATDA:GIRAUDNADINE::(Updated:10/10/202313:24)
241;2023-12-11:;09:00:00;10:00:00;Math-Trans1;Cours;A5-A5bis;::1A:COURSIMAULTDAVID::(Updated:25/10/202311:49)
242;2023-12-19:;15:00:00;17:00:00;Anglais1;TP2;LabomultimédiaA105;::1ATP2:GORDONNATHALIE::(Updated:13/11/202313:03)
243;2023-11-30:;09:00:00;11:00:00;Com1;TP3;B7;::1ATP3:GIRAUDNADINE::(Updated:23/11/202310:34)
244;2023-11-23:;14:30:00;16:30:00;Anglais1;TP5;B2;::1ATP5:BEIGNONDAGOSTINOLAURE::(Updated:17/11/202309:51)
245;2023-12-13:;12:00:00;15:00:00;Telecom1;TP3;C1;::1ATP3:CAPALLERAFLORENCE::(Updated:20/11/202310:34)
246;2023-09-18:;11:30:00;13:30:00;Archi-Sys1;TDC;A5bis;::1ATDC:JACQUETJEAN-PAUL::(Updated:15/09/202318:34)
247;2024-01-18:;09:00:00;11:00:00;SAE15;TDC-PT;B6,A5;::1ATDC::(Updated:19/12/202312:34)
248;2024-01-09:;07:00:00;09:00:00;Prog1;TP2;C5;::1ATP2:ZAYENEMARIEM::(Updated:27/11/202315:02)
249;2023-10-23:;13:30:00;15:30:00;SAE13;TDB;B8;::1ATDB:CAPALLERAFLORENCE::(Updated:13/11/202316:54)
250;2023-09-27:;11:30:00;13:30:00;SAE12;TP5;C1bis;::1ATP5:HERNANDEZSEBASTIEN::(Updated:25/09/202312:21)
251;2023-12-20:;07:00:00;09:00:00;SAE14;TP3;B7;::1ATP3:GIRAUDNADINE::(Updated:09/11/202317:09)
252;2023-10-19:;11:30:00;13:30:00;Math-Signal1;TDB;A8;::1ATDB:COURSIMAULTDAVID::(Updated:28/09/202311:28)
253;2024-01-11:;07:00:00;09:00:00;SAE15;TDC-PT;B8,C1bis;::1ATDC::(Updated:27/11/202316:19)
254;2023-11-08:;09:00:00;11:00:00;Prog1;TP4;B6;::1ATP4:PERRIOTROMAIN::(Updated:06/11/202316:35)
255;2023-11-13:;14:30:00;16:30:00;Com1;TP2;B7;::1ATP2:GIRAUDNADINE::(Updated:16/10/202319:13)
256;2023-09-27:;14:00:00;17:00:00;Init-Rés1;TP5;B8;::1ATP5:FREITASANTONIO::(Updated:18/09/202313:51)
257;2024-01-24:;12:30:00;14:30:00;RLAN1;Examen;SalleexamenMPC003;::1A:FREITASANTONIO::(Updated:27/11/202315:54)
258;2023-10-11:;06:00:00;08:00:00;SAE13;TDC-PT;C5,A5;::1ATDC::(Updated:28/09/202311:52)
259;2024-01-10:;07:00:00;09:00:00;RLAN1;TDC;C1bis;::1ATDC:HERNANDEZSEBASTIEN::(Updated:19/12/202315:39)
260;2023-10-16:;11:30:00;13:30:00;Prog1;TP3;C5;::1ATP3:ZAYENEMARIEM::(Updated:28/09/202311:08)
261;2023-10-11:;14:30:00;17:30:00;Init-Rés1;TP1;C7;::1ATP1:BROSLAURENT::(Updated:25/09/202316:38)
262;2023-12-21:;12:30:00;14:30:00;SAE15;TDC-PT;A5bis,A5;::1ATDC::(Updated:15/12/202310:47)
263;2024-01-29:;09:00:00;10:00:00;Math-Num2;Cours;A5-A5bis;::1A:COURSIMAULTDAVID::(Updated:08/01/202418:19)
264;2023-12-07:;12:30:00;14:30:00;RLAN1;TDC;C1bis;::1ATDC:HERNANDEZSEBASTIEN::(Updated:27/11/202315:22)
265;2023-11-20:;12:00:00;15:00:00;Elec1;TP4;C1;::1ATP4:CAPALLERAFLORENCE::(Updated:31/10/202318:43)
266;2024-01-08:;09:00:00;11:00:00;Math-Trans1;TDB;A8;::1ATDB:BENGANAFAYCAL::(Updated:25/10/202311:50)
267;2023-10-26:;12:30:00;13:30:00;SAE11;TP2;B8;::1ATP2:JACQUETFREDERIQUE::(Updated:10/10/202318:29)
268;2023-09-25:;11:30:00;13:30:00;Archi-Sys1;TDC;A5bis;::1ATDC:JACQUETJEAN-PAUL::(Updated:24/09/202318:34)
269;2023-10-17:;06:00:00;08:00:00;Init-Rés1;TDA;B8;::1ATDA:FREITASANTONIO::(Updated:05/10/202318:50)
270;2023-12-20:;12:30:00;14:30:00;SAE15;TDB-PT;B3,C1bis;::1ATDB::(Updated:19/12/202311:23)
271;2023-11-13:;14:30:00;16:30:00;Anglais1;TP1;LabomultimédiaA105;::1ATP1:GORDONNATHALIE::(Updated:21/10/202313:33)
272;2023-09-27:;06:00:00;08:00:00;Archi-Sys1;TDB;A5bis;::1ATDB:JACQUETJEAN-PAUL::(Updated:26/09/202313:23)
273;2024-01-11:;08:00:00;11:00:00;SAE13;TP1;C1;::1ATP1:CAPALLERAFLORENCE::(Updated:27/11/202315:48)
274;2023-11-14:;14:30:00;16:30:00;SAE12;TDB-PT;C7,B8;::1ATDB::(Updated:16/10/202319:12)
275;2023-11-23:;14:30:00;16:30:00;SAE15;TDA-PT;C7,B3;::1ATDA::(Updated:17/11/202309:49)
276;2023-12-05:;15:00:00;17:00:00;Anglais1;TP2;LabomultimédiaA105;::1ATP2:GORDONNATHALIE::(Updated:13/11/202313:03)
277;2023-11-14:;12:30:00;15:30:00;Init-Rés1;TP5;C1bis;::1ATP5:FREITASANTONIO::(Updated:16/10/202319:04)
278;2023-10-06:;06:00:00;08:00:00;Math-Signal1;TDA;A5bis;::1ATDA:MATARHOUSSEIN::(Updated:25/09/202311:14)
279;2023-10-24:;11:30:00;14:30:00;Elec1;TP5;B1bis;::1ATP5:CAPALLERAFLORENCE::(Updated:20/10/202317:02)
280;2023-11-28:;12:30:00;14:30:00;Gest_projet;TDB;A5bis;::1ATDB:MAYETKARINE::(Updated:20/11/202309:58)
281;2024-01-22:;15:00:00;18:00:00;RLAN1;TP1;B8;::1ATP1:CHEBBISAMAR::(Updated:27/11/202315:00)
282;2024-01-16:;07:00:00;09:00:00;SAE14;TP3;B7;::1ATP3:GIRAUDNADINE::(Updated:27/11/202315:59)
283;2023-09-22:;06:00:00;08:00:00;SAE11;TDB;B3;::1ATDB:JACQUETFREDERIQUE::(Updated:11/09/202310:33)
284;2023-10-24:;13:30:00;15:30:00;Anglais1;TP1;LabomultimédiaA105;::1ATP1:GORDONNATHALIE::(Updated:21/10/202313:33)
285;2023-10-17:;11:30:00;13:30:00;Elec1;TDB;A8;::1ATDB:CAPALLERAFLORENCE::(Updated:09/10/202313:55)
286;2023-10-16:;06:00:00;08:00:00;Math-Signal1;TDB;A5bis;::1ATDB:COURSIMAULTDAVID::(Updated:09/10/202313:56)
287;2023-10-03:;13:30:00;15:30:00;Com1;TDC;B7;::1ATDC:GIRAUDNADINE::(Updated:25/09/202313:52)
288;2023-12-13:;15:00:00;18:00:00;Elec1;TP2;C1;::1ATP2:CAPALLERAFLORENCE::(Updated:04/12/202310:30)
289;2023-09-18:;13:30:00;15:30:00;Math-Signal1;TDB;A5bis;::1ATDB:COURSIMAULTDAVID::(Updated:11/09/202315:41)
290;2023-09-25:;11:30:00;13:30:00;Init-Rés1;TDA;B3;::1ATDA:FREITASANTONIO::(Updated:25/09/202313:31)
291;2023-12-05:;07:00:00;09:00:00;Math-Trans1;TDA;A5;::1ATDA:COURSIMAULTDAVID::(Updated:29/11/202310:44)
292;2023-11-15:;15:30:00;18:30:00;Init-Rés1;TP1;C1bis;::1ATP1:BROSLAURENT::(Updated:28/09/202311:04)
293;2023-10-05:;13:30:00;15:30:00;Prog1;TP4;C5;::1ATP4:PERRIOTROMAIN::(Updated:03/10/202311:32)
294;2023-11-28:;15:00:00;18:00:00;Archi-Rés1;TP4;B8;::1ATP4:FREITASANTONIO::(Updated:09/11/202318:25)
295;2023-10-16:;11:30:00;13:30:00;Archi-Sys1;TDC;A8;::1ATDC:JACQUETJEAN-PAUL::(Updated:11/09/202317:10)
296;2023-10-10:;06:00:00;08:00:00;SAE11;TDC;B7;::1ATDC:GIRAUDNADINE::(Updated:03/10/202317:53)
297;2024-01-23:;12:00:00;15:00:00;SAE13;TP3;C1;::1ATP3:CAPALLERAFLORENCE::(Updated:27/11/202315:49)
298;2023-09-20:;06:00:00;08:00:00;Init-Rés1;TDB;B8;::1ATDB:HERNANDEZSEBASTIEN::(Updated:25/09/202312:19)
299;2023-10-12:;06:00:00;08:00:00;SAE12;TP3;B8;::1ATP3:FREITASANTONIO::(Updated:03/10/202311:00)
300;2023-09-19:;11:30:00;13:30:00;Init-Rés1;TDB;B8;::1ATDB:HERNANDEZSEBASTIEN::(Updated:25/09/202312:19)
301;2023-10-24:;13:30:00;14:30:00;SAE11;TP4;B8;::1ATP4:JACQUETFREDERIQUE::(Updated:10/10/202313:35)
302;2023-10-27:;07:00:00;10:00:00;Init-Rés1;TP4;C1bis;::1ATP4:FREITASANTONIO::(Updated:23/10/202318:04)
303;2023-12-08:;09:00:00;11:00:00;SAE13;TDB-PT;A5,B8;::1ATDB::(Updated:27/11/202312:48)
304;2023-09-25:;07:00:00;08:00:00;Elec1;Cours;A5-A5bis;::1A:CAPALLERAFLORENCE::(Updated:24/08/202319:23)
305;2023-10-05:;11:30:00;13:30:00;Prog1;TP2;B1bis;::1ATP2:ZAYENEMARIEM::(Updated:03/10/202311:34)
306;2023-11-30:;07:00:00;09:00:00;Syst1;TP4;B3;::1ATP4:WEZLMICHAEL::(Updated:09/11/202315:39)
307;2023-10-16:;13:30:00;15:30:00;Com1;TDA;B7;::1ATDA:GIRAUDNADINE::(Updated:28/09/202311:26)
308;2023-12-21:;14:30:00;16:30:00;Anglais1;TP5;LabomultimédiaA105;::1ATP5:GORDONNATHALIE::(Updated:03/12/202313:21)
309;2024-01-22:;09:00:00;11:00:00;SAE15;TDC-PT;B8,A5;::1ATDC::(Updated:27/11/202316:23)
310;2023-10-06:;11:00:00;14:00:00;Init-Rés1;TP5;C7;::1ATP5:FREITASANTONIO::(Updated:28/09/202313:57)
311;2023-11-17:;09:00:00;11:00:00;Syst1;TP2;C5;::1ATP2:JACQUETFREDERIQUE::(Updated:06/11/202318:30)
312;2023-12-15:;07:00:00;09:00:00;Math-Trans1;TDB;A5;::1ATDB:BENGANAFAYCAL::(Updated:05/12/202318:14)
313;2023-12-05:;14:30:00;16:30:00;Anglais1;TP1;B2;::1ATP1:BEIGNONDAGOSTINOLAURE::(Updated:09/11/202315:59)
314;2023-12-07:;07:00:00;09:00:00;SAE13;TDA-PT;B4,C5;::1ATDA::(Updated:09/11/202316:02)
315;2024-01-12:;13:00:00;15:00:00;PPP1;TDC;B7;::1ATDC:MAYETKARINE::(Updated:20/11/202310:49)
316;2023-10-17:;11:30:00;13:30:00;Anglais1;TP2;B2;::1ATP2:BEIGNONDAGOSTINOLAURE::(Updated:28/09/202311:31)
317;2023-12-15:;09:00:00;11:00:00;SAE12;TDC;C5;::1ATDC:HERNANDEZSEBASTIEN::(Updated:27/11/202312:49)
318;2023-10-10:;14:00:00;17:00:00;Init-Rés1;TP3;C7;::1ATP3:DELOSHUGO::(Updated:20/11/202310:24)
319;2023-12-11:;10:00:00;11:00:00;Math-Trans1;Cours;A5-A5bis;::1A:COURSIMAULTDAVID::(Updated:25/10/202311:49)
320;2023-10-03:;08:00:00;10:00:00;SAE12;TP2;C1bis;::1ATP2:ZAYENEMARIEM::(Updated:25/09/202317:19)
321;2023-09-19:;09:00:00;10:00:00;Init-Rés1;Cours;A5-A5bis;::1A:FREITASANTONIO::(Updated:11/07/202317:10)
322;2023-12-19:;12:30:00;14:30:00;Prog1;TP1;B6;::1ATP1:SIGURETARNAUD::(Updated:19/12/202309:57)
323;2023-12-11:;15:00:00;17:00:00;Anglais1;TP5;LabomultimédiaA105;::1ATP5:GORDONNATHALIE::(Updated:03/12/202313:21)
324;2023-12-20:;09:00:00;11:00:00;SAE15;TDC;C5;::1ATDC:HABACHIOUSSAMA::(Updated:15/12/202310:47)
325;2023-10-06:;11:30:00;13:30:00;SAE11;TDB-PT;B6,C1;::1ATDB::(Updated:25/08/202313:10)
326;2023-11-06:;09:00:00;11:00:00;Elec1;TDA;A8;::1ATDA:CAPALLERAFLORENCE::(Updated:25/10/202311:44)
327;2023-11-09:;09:00:00;11:00:00;Com1;TP3;B7;::1ATP3:GIRAUDNADINE::(Updated:07/11/202317:02)
328;2024-01-11:;15:00:00;18:00:00;Archi-Rés1;TP3;C7;::1ATP3:DELOSHUGO::(Updated:19/12/202311:51)
329;2023-09-15:;09:00:00;10:00:00;SAE11;Cours;A5-A5bis;::1A:JACQUETFREDERIQUE::(Updated:07/07/202312:01)
330;2023-11-20:;12:30:00;14:30:00;Archi-Rés1;TDC;B6;::1ATDC:FREITASANTONIO::(Updated:14/11/202310:29)
331;2023-11-30:;08:00:00;11:00:00;Archi-Rés1;TP5;B8;::1ATP5:FREITASANTONIO::(Updated:09/11/202311:26)
332;2023-09-18:;13:30:00;15:30:00;Init-Rés1;TDC;B8;::1ATDC:FREITASANTONIO::(Updated:25/09/202312:19)
333;2023-11-27:;08:00:00;11:00:00;Archi-Sys1;TP1;B6;::1ATP1:PERRIOTROMAIN::(Updated:09/11/202312:27)
334;2023-12-11:;12:00:00;15:00:00;Telecom1;TP5;C1;::1ATP5:CAPALLERAFLORENCE::(Updated:27/11/202315:20)
335;2023-11-27:;09:00:00;11:00:00;Math-Trans1;TDB;A5bis;::1ATDB:BENGANAFAYCAL::(Updated:25/10/202311:47)
336;2023-10-19:;06:00:00;08:00:00;Elec1;TDC;A5bis;::1ATDC:CAPALLERAFLORENCE::(Updated:05/10/202318:33)
337;2024-01-29:;07:00:00;08:00:00;Web2;Cours;A5-A5bis;::1A:HABACHIOUSSAMA::(Updated:09/01/202410:12)
338;2023-10-20:;06:00:00;08:00:00;Anglais1;TP5;B2;::1ATP5:BEIGNONDAGOSTINOLAURE::(Updated:05/10/202318:32)
339;2023-10-19:;06:00:00;08:00:00;Syst1;TP4;B3;::1ATP4:WEZLMICHAEL::(Updated:16/10/202317:39)
340;2024-01-09:;07:00:00;09:00:00;PPP1;TDB;B7;::1ATDB:GIRAUDNADINE::(Updated:27/11/202315:28)
341;2023-12-21:;09:00:00;11:00:00;PPP1;TDA;B7;::1ATDA:GIRAUDNADINE::(Updated:09/11/202317:06)
342;2023-11-24:;09:00:00;11:00:00;SAE12;TDB-PT;B4,C5;::1ATDB::(Updated:20/11/202310:05)
343;2023-10-13:;06:00:00;08:00:00;Math-Signal1;TDA;A8;::1ATDA:MATARHOUSSEIN::(Updated:03/10/202311:24)
344;2023-11-13:;08:00:00;09:00:00;Archi-Rés1;Cours;A5-A5bis;::1A:FREITASANTONIO::(Updated:10/10/202313:01)
345;2023-10-11:;13:30:00;15:30:00;Math-Signal1;TDC;A5;::1ATDC:BOUAYEDAYMENE::(Updated:10/10/202311:17)
346;2023-12-11:;12:30:00;14:30:00;SAE12;TDB;B8;::1ATDB:FREITASANTONIO::(Updated:09/11/202316:28)
347;2023-12-15:;09:00:00;11:00:00;SAE14;TDA-PT;B8,C7;::1ATDA::(Updated:09/11/202316:42)
348;2023-09-26:;06:00:00;08:00:00;Prog1;TDC;B1bis;::1ATDC:PERRIOTROMAIN::(Updated:18/09/202313:47)
349;2023-10-03:;13:30:00;15:30:00;Prog1;TDB;B3;::1ATDB:SIGURETARNAUD::(Updated:07/07/202313:33)
350;2023-10-23:;08:00:00;10:00:00;Syst1;TDC;C5;::1ATDC:JACQUETFREDERIQUE::(Updated:10/10/202318:31)
351;2023-12-04:;12:30:00;14:30:00;Prog1;TP3;B6;::1ATP3:ZAYENEMARIEM::(Updated:28/11/202318:26)
352;2024-01-15:;15:00:00;18:00:00;RLAN1;TP4;B8;::1ATP4:CHEBBISAMAR::(Updated:27/11/202315:28)
353;2023-11-07:;10:00:00;11:00:00;Archi-Rés1;Cours;A5-A5bis;::1A:FREITASANTONIO::(Updated:13/10/202311:13)
354;2023-12-06:;12:30:00;14:30:00;SAE14;TDC-PT;B4,B6;::1ATDC::(Updated:20/11/202310:44)
355;2023-12-21:;08:00:00;11:00:00;Archi-Rés1;TP5;B8;::1ATP5:FREITASANTONIO::(Updated:09/11/202316:47)
356;2023-12-07:;09:00:00;11:00:00;Prog1;TP2;B8;::1ATP2:ZAYENEMARIEM::(Updated:09/11/202312:58)
357;2023-10-12:;08:00:00;10:00:00;Init-Rés1;TDC;B8;::1ATDC:FREITASANTONIO::(Updated:03/10/202317:47)
358;2023-11-16:;09:00:00;11:00:00;Math-Trans1;TDA;A8;::1ATDA:COURSIMAULTDAVID::(Updated:31/10/202317:58)
359;2023-12-04:;12:30:00;14:30:00;RLAN1;TDA;C1bis;::1ATDA:FREITASANTONIO::(Updated:28/11/202318:29)
360;2023-09-29:;07:00:00;10:00:00;Init-Rés1;TP4;C1bis;::1ATP4:FREITASANTONIO::(Updated:24/08/202319:04)
361;2023-09-19:;08:00:00;09:00:00;SAE12;Cours;A5-A5bis;::1A:HERNANDEZSEBASTIEN::(Updated:11/07/202317:09)
362;2023-11-22:;07:00:00;09:00:00;Prog1;TP5;B6;::1ATP5:SIGURETARNAUD::(Updated:15/11/202316:23)
363;2023-11-08:;12:00:00;15:00:00;Elec1;TP1;B1bis;::1ATP1:CAPALLERAFLORENCE::(Updated:13/10/202311:28)
364;2023-09-27:;14:30:00;17:30:00;Init-Rés1;TP1;C7;::1ATP1:BROSLAURENT::(Updated:18/09/202313:48)
365;2023-10-13:;08:00:00;10:00:00;Init-Rés1;TDB;B3;::1ATDB:HERNANDEZSEBASTIEN::(Updated:03/10/202317:50)
366;2024-01-16:;08:00:00;09:00:00;SAE14;TP4;B3;::1ATP4:HABACHIOUSSAMA::(Updated:20/12/202310:36)
367;2023-12-11:;07:00:00;09:00:00;Com1;TP5;B7;::1ATP5:GIRAUDNADINE::(Updated:08/12/202312:42)
368;2023-12-07:;12:30:00;14:30:00;SAE14;TDB-PT;B3,B4;::1ATDB::(Updated:09/11/202316:02)
369;2023-12-18:;12:30:00;15:30:00;SAE13;TP2;C1;::1ATP2:CAPALLERAFLORENCE::(Updated:09/11/202317:17)
370;2023-12-05:;12:00:00;15:00:00;Archi-Rés1;TP2;C7;::1ATP2:HERNANDEZSEBASTIEN::(Updated:09/11/202313:01)
371;2023-11-09:;14:30:00;16:30:00;Prog1;TP2;B3;::1ATP2:ZAYENEMARIEM::(Updated:07/11/202317:40)
372;2023-12-04:;09:00:00;11:00:00;Math-Trans1;TDB;A8;::1ATDB:BENGANAFAYCAL::(Updated:25/10/202311:49)
373;2023-09-25:;08:00:00;10:00:00;Math-Signal1;TDB;A5bis;::1ATDB:COURSIMAULTDAVID::(Updated:24/09/202318:36)
374;2023-11-15:;12:30:00;14:30:00;Prog1;TP4;B6;::1ATP4:PERRIOTROMAIN::(Updated:16/10/202319:05)
375;2024-01-09:;09:00:00;11:00:00;SAE14;TP5;B2;::1ATP5:BEIGNONDAGOSTINOLAURE::(Updated:27/11/202315:55)
376;2023-11-22:;12:30:00;14:30:00;Archi-Rés1;TDB;B8;::1ATDB:FREITASANTONIO::(Updated:15/11/202312:30)
377;2023-10-19:;08:00:00;10:00:00;Syst1;TP2;C5;::1ATP2:JACQUETFREDERIQUE::(Updated:16/10/202317:40)
378;2023-11-22:;15:00:00;18:00:00;Init-Rés1;TP2;C1bis;::1ATP2:HERNANDEZSEBASTIEN::(Updated:16/10/202318:25)
379;2023-10-23:;06:00:00;08:00:00;SAE13;TDC;B8;::1ATDC:COURSIMAULTDAVID::(Updated:13/11/202316:52)
380;2023-12-14:;09:00:00;11:00:00;Prog1;TP3;B8;::1ATP3:ZAYENEMARIEM::(Updated:09/11/202316:20)
381;2024-02-01:;09:00:00;11:00:00;Com2;TDA;B7;::1ATDA:GIRAUDNADINE::(Updated:09/01/202410:25)
382;2023-11-16:;07:00:00;09:00:00;SAE12;TP4;C1bis;::1ATP4:HERNANDEZSEBASTIEN::(Updated:09/11/202312:12)
383;2024-01-11:;12:00:00;15:00:00;Archi-Rés1;TP4;C7;::1ATP4:FREITASANTONIO::(Updated:27/11/202314:53)
384;2023-10-09:;08:00:00;10:00:00;Init-Rés1;TDA;B8;::1ATDA:FREITASANTONIO::(Updated:25/09/202316:36)
385;2023-11-06:;09:00:00;11:00:00;SAE15;TDC;C5;::1ATDC:JACQUETFREDERIQUE::(Updated:29/10/202318:01)
386;2023-11-22:;09:00:00;11:00:00;SAE15;TP1;B3;::1ATP1:WEZLMICHAEL::(Updated:27/11/202316:13)
387;2023-09-21:;13:30:00;15:30:00;Prog1;TP4;C5;::1ATP4:PERRIOTROMAIN::(Updated:12/09/202316:47)
388;2023-12-05:;07:00:00;09:00:00;Prog1;TP5;C5;::1ATP5:SIGURETARNAUD::(Updated:09/11/202312:58)
389;2023-09-28:;07:00:00;10:00:00;Init-Rés1;TP2;C7;::1ATP2:HERNANDEZSEBASTIEN::(Updated:24/08/202319:26)
390;2023-12-19:;12:30:00;14:30:00;Prog1;TP4;C5;::1ATP4:PERRIOTROMAIN::(Updated:19/12/202309:57)
391;2023-11-29:;07:00:00;09:00:00;SAE14;TP2;B2;::1ATP2:BEIGNONDAGOSTINOLAURE::(Updated:13/11/202312:09)
392;2024-01-18:;08:00:00;11:00:00;RLAN1;TP3;C1bis;::1ATP3:HERNANDEZSEBASTIEN::(Updated:27/11/202314:59)
393;2024-01-18:;12:00:00;15:00:00;SAE13;TP1;C1;::1ATP1:CAPALLERAFLORENCE::(Updated:27/11/202315:48)
394;2023-09-26:;06:00:00;08:00:00;Prog1;TDB;B3;::1ATDB:SIGURETARNAUD::(Updated:24/08/202319:29)
395;2024-01-18:;12:30:00;14:30:00;Math-Trans1;TDC;B3;::1ATDC:MATARHOUSSEIN::(Updated:19/12/202312:32)
396;2023-10-05:;13:30:00;15:30:00;Anglais1;TDC;B2,LabomultimédiaA109;::1ATDC:BEIGNONDAGOSTINOLAURE::(Updated:06/10/202318:42)
397;2023-12-19:;07:00:00;09:00:00;Prog1;TP5;B3;::1ATP5:SIGURETARNAUD::(Updated:06/12/202309:27)
398;2023-09-20:;08:00:00;10:00:00;Prog1;TP1;C5;::1ATP1:SIGURETARNAUD::(Updated:25/08/202313:32)
399;2023-10-23:;11:30:00;13:30:00;SAE12;TDB-PT;B6,B8;::1ATDB::(Updated:19/10/202313:39)
400;2023-09-21:;13:30:00;15:30:00;Math-Signal1;TDA;A8;::1ATDA:MATARHOUSSEIN::(Updated:25/09/202311:14)
401;2023-10-17:;13:30:00;15:30:00;SAE12;TDC;B3;::1ATDC:HERNANDEZSEBASTIEN::(Updated:05/10/202318:34)
402;2023-10-16:;06:00:00;08:00:00;Math-Signal1;TDC;A8;::1ATDC:BOUAYEDAYMENE::(Updated:10/10/202311:17)
403;2023-11-20:;15:00:00;18:00:00;Archi-Sys1;TP5;C5;::1ATP5:PERRIOTROMAIN::(Updated:14/11/202310:28)
404;2023-09-26:;13:30:00;15:30:00;Prog1;TP3;B3;::1ATP3:ZAYENEMARIEM::(Updated:24/08/202319:27)
405;2024-01-19:;08:00:00;11:00:00;RLAN1;TP3;C1bis;::1ATP3:HERNANDEZSEBASTIEN::(Updated:18/12/202310:25)
406;2024-01-23:;07:00:00;09:00:00;PPP1;TDB;B7;::1ATDB:GIRAUDNADINE::(Updated:27/11/202315:29)
407;2023-10-27:;11:30:00;13:30:00;Math-Signal1;TDB;A5bis;::1ATDB:COURSIMAULTDAVID::(Updated:23/10/202318:04)
408;2023-12-12:;07:00:00;09:00:00;Com1;TP2;B7;::1ATP2:GIRAUDNADINE::(Updated:09/11/202316:22)
409;2023-10-20:;11:30:00;13:30:00;Init-Rés1;TDC;B8;::1ATDC:FREITASANTONIO::(Updated:28/09/202311:50)
410;2023-10-17:;11:30:00;13:30:00;Syst1;TDC;C5;::1ATDC:JACQUETFREDERIQUE::(Updated:28/09/202311:27)
411;2023-10-10:;14:00:00;17:00:00;Init-Rés1;TP4;B8;::1ATP4:FREITASANTONIO::(Updated:03/10/202317:53)
412;2023-11-08:;09:00:00;11:00:00;Syst1;TP2;C5;::1ATP2:JACQUETFREDERIQUE::(Updated:18/10/202310:24)
413;2023-12-18:;12:30:00;15:30:00;Archi-Sys1;TP1;C5;::1ATP1:PERRIOTROMAIN::(Updated:09/11/202317:17)
414;2024-01-31:;08:00:00;09:00:00;Internet2;Cours;A5-A5bis;::1A:JACQUETFREDERIQUE::(Updated:08/01/202417:51)
415;2023-09-21:;13:30:00;15:30:00;Prog1;TP3;B3;::1ATP3:ZAYENEMARIEM::(Updated:11/07/202317:14)
416;2024-01-08:;12:30:00;14:30:00;SAE14;TP3;B2;::1ATP3:BEIGNONDAGOSTINOLAURE::(Updated:27/11/202316:17)
417;2023-10-27:;08:00:00;09:00:00;SAE11;TP5;B8;::1ATP5:JACQUETFREDERIQUE::(Updated:10/10/202313:16)
418;2023-10-02:;11:30:00;13:30:00;Archi-Sys1;TDB;A5;::1ATDB:JACQUETJEAN-PAUL::(Updated:25/09/202313:26)
419;2023-10-23:;11:30:00;13:30:00;Elec1;TDC;A5bis;::1ATDC:CAPALLERAFLORENCE::(Updated:10/10/202318:40)
420;2023-10-27:;11:30:00;12:30:00;SAE11;TP1;B8;::1ATP1:JACQUETFREDERIQUE::(Updated:10/10/202313:12)
421;2024-01-09:;15:00:00;17:00:00;SAE15;TP2;B3;::1ATP2:HAYEKFREDERIC::(Updated:27/11/202316:18)
422;2023-11-22:;09:00:00;11:00:00;SAE15;TDB-PT;B6,B4;::1ATDB::(Updated:15/11/202312:31)
423;2023-12-01:;09:00:00;11:00:00;Math-Trans1;TDC;A6;::1ATDC:BOUAYEDAYMENE::(Updated:27/11/202310:58)
424;2023-10-05:;08:00:00;10:00:00;Prog1;TP5;B8;::1ATP5:SIGURETARNAUD::(Updated:25/09/202313:39)
425;2023-11-28:;15:00:00;17:00:00;Anglais1;TP2;LabomultimédiaA105;::1ATP2:GORDONNATHALIE::(Updated:13/11/202313:03)
426;2023-11-10:;07:00:00;09:00:00;SAE12;TDC;B6;::1ATDC:HERNANDEZSEBASTIEN::(Updated:13/10/202311:38)
427;2023-11-28:;14:30:00;16:30:00;Gest_projet;TDC;B7;::1ATDC:MAYETKARINE::(Updated:20/11/202310:01)
428;2023-11-21:;08:00:00;11:00:00;Elec1;TP3;B1bis;::1ATP3:CAPALLERAFLORENCE::(Updated:16/10/202318:23)
429;2023-09-20:;06:00:00;08:00:00;Archi-Sys1;TDA;A5bis;::1ATDA:JACQUETJEAN-PAUL::(Updated:11/07/202317:13)
430;2023-09-26:;11:30:00;13:30:00;Init-Rés1;TDB;B8;::1ATDB:HERNANDEZSEBASTIEN::(Updated:25/09/202312:19)
431;2023-11-13:;14:30:00;16:30:00;Archi-Rés1;TDB;B3;::1ATDB:FREITASANTONIO::(Updated:14/11/202309:54)
432;2024-01-12:;12:30:00;14:30:00;RLAN1;TDA;C7;::1ATDA:FREITASANTONIO::(Updated:27/11/202316:03)
433;2023-10-10:;11:30:00;13:30:00;Syst1;TDB;B3;::1ATDB:JACQUETFREDERIQUE::(Updated:03/10/202317:56)
434;2023-10-12:;06:00:00;08:00:00;Math-Signal1;TDC;A8;::1ATDC:BOUAYEDAYMENE::(Updated:10/10/202311:17)
435;2024-01-25:;09:00:00;11:00:00;Math-Trans1;Examen;SalleexamenMPC003;::1A:COURSIMAULTDAVID::(Updated:27/11/202315:54)
436;2023-10-05:;06:00:00;08:00:00;Math-Signal1;TDA;A6;::1ATDA:MATARHOUSSEIN::(Updated:25/09/202311:14)
437;2024-01-30:;08:00:00;09:00:00;BD2;Cours;A5-A5bis;::1A:HABACHIOUSSAMA::(Updated:08/01/202418:19)
438;2023-10-25:;12:30:00;13:30:00;SAE11;TP3;B8;::1ATP3:JACQUETFREDERIQUE::(Updated:10/10/202318:29)
439;2024-01-22:;08:00:00;11:00:00;SAE13;TP1;C1;::1ATP1:CAPALLERAFLORENCE::(Updated:27/11/202315:49)
440;2024-01-22:;15:00:00;18:00:00;RLAN1;TP2;C1bis;::1ATP2:FREITASANTONIO::(Updated:27/11/202315:00)
441;2023-12-13:;12:30:00;14:30:00;SAE14;TDC-PT;B4,B3;::1ATDC::(Updated:20/11/202310:17)
442;2024-01-18:;12:00:00;15:00:00;Archi-Rés1;TP2;C1bis;::1ATP2:HERNANDEZSEBASTIEN::(Updated:19/12/202310:33)
443;2024-01-31:;09:00:00;11:00:00;Prog2;TDA;B3;::1ATDA:ZAYENEMARIEM::(Updated:08/01/202418:25)
444;2023-09-29:;11:30:00;13:30:00;SAE11;TDB;B3;::1ATDB:JACQUETFREDERIQUE::(Updated:24/08/202319:17)
445;2023-11-13:;12:30:00;14:30:00;SAE15;TDA;B3;::1ATDA:JACQUETFREDERIQUE::(Updated:31/10/202317:58)
446;2023-11-14:;12:30:00;14:30:00;SAE15;TDB;B3;::1ATDB:JACQUETFREDERIQUE::(Updated:31/10/202317:59)
447;2023-11-07:;07:30:00;08:30:00;Syst1;Examen;SalleexamenMPC003;::1A:JACQUETFREDERIQUE::(Updated:17/10/202315:50)
448;2023-09-13:;11:30:00;13:30:00;Prog1;TDB;B3;::1ATDB:SIGURETARNAUD::(Updated:10/07/202313:02)
449;2023-09-28:;13:30:00;15:30:00;SAE12;TP3;B8;::1ATP3:FREITASANTONIO::(Updated:03/10/202311:00)
450;2023-11-28:;09:30:00;10:30:00;Elec1;Examen;A5-A5bis;::1A:CAPALLERAFLORENCE::(Updated:15/11/202315:53)
451;2023-11-20:;08:00:00;11:00:00;Elec1;TP5;B1bis;::1ATP5:CAPALLERAFLORENCE::(Updated:31/10/202318:29)
452;2023-10-23:;11:30:00;13:30:00;Syst1;TDA;B3;::1ATDA:JACQUETFREDERIQUE::(Updated:10/10/202313:24)
453;2023-12-08:;07:00:00;09:00:00;Math-Trans1;TDB;A5;::1ATDB:BENGANAFAYCAL::(Updated:25/10/202311:49)
454;2024-01-17:;12:30:00;14:30:00;Math-Trans1;TDC;A8;::1ATDC:MATARHOUSSEIN::(Updated:18/12/202315:30)
455;2023-09-19:;11:30:00;13:30:00;Com1;TDC;B7;::1ATDC:GIRAUDNADINE::(Updated:08/09/202317:17)
456;2023-10-09:;13:30:00;15:30:00;Web1;TDC;B1bis;::1ATDC:PERRIOTROMAIN::(Updated:25/09/202317:09)
457;2023-11-22:;07:00:00;09:00:00;SAE15;TP3;C5;::1ATP3:JACQUETFREDERIQUE::(Updated:27/11/202316:14)
458;2023-11-21:;12:00:00;15:00:00;Elec1;TP2;C1;::1ATP2:CAPALLERAFLORENCE::(Updated:15/11/202316:13)
459;2023-12-21:;12:30:00;14:30:00;SAE14;TDA-PT;B6,B3;::1ATDA::(Updated:05/12/202311:41)
460;2023-10-25:;14:30:00;17:30:00;Init-Rés1;TP1;B8;::1ATP1:BROSLAURENT::(Updated:28/09/202311:00)
461;2024-01-09:;12:30:00;14:30:00;SAE15;TDC-PT;C1bis,A5;::1ATDC::(Updated:19/12/202315:40)
462;2023-10-27:;11:00:00;13:00:00;Anglais1;TP5;B2;::1ATP5:BEIGNONDAGOSTINOLAURE::(Updated:27/10/202310:34)
463;2023-10-02:;13:30:00;15:30:00;Anglais1;TDC;B2,LabomultimédiaA109;::1ATDC:BEIGNONDAGOSTINOLAURE::(Updated:27/09/202302:05)
464;2023-11-10:;09:00:00;11:00:00;Syst1;TP5;C5;::1ATP5:JACQUETFREDERIQUE::(Updated:13/10/202311:11)
465;2023-09-14:;08:00:00;10:00:00;Prog1;TDB;B3;::1ATDB:SIGURETARNAUD::(Updated:10/07/202312:58)
466;2023-11-21:;12:30:00;14:30:00;SAE15;TDB;B3;::1ATDB:JACQUETFREDERIQUE::(Updated:15/11/202316:13)
467;2023-11-08:;12:30:00;14:30:00;Anglais1;TP5;B2;::1ATP5:BEIGNONDAGOSTINOLAURE::(Updated:29/10/202318:04)
468;2023-10-12:;08:00:00;10:00:00;Syst1;TP3;C5;::1ATP3:JACQUETFREDERIQUE::(Updated:03/10/202310:59)
469;2023-11-29:;08:00:00;11:00:00;Archi-Sys1;TP4;B3;::1ATP4:PERRIOTROMAIN::(Updated:09/11/202318:08)
470;2023-11-09:;14:30:00;16:30:00;Com1;TP4;B7;::1ATP4:GIRAUDNADINE::(Updated:27/10/202310:36)
471;2023-11-30:;12:30:00;14:30:00;Math-Trans1;TDA;A5bis;::1ATDA:COURSIMAULTDAVID::(Updated:27/11/202310:58)
472;2023-12-14:;12:30:00;14:30:00;Anglais1;TP2;LabomultimédiaA105;::1ATP2:GORDONNATHALIE::(Updated:13/11/202313:03)
473;2023-10-12:;06:00:00;08:00:00;Syst1;TP1;B3;::1ATP1:WEZLMICHAEL::(Updated:03/10/202311:25)
474;2023-09-25:;11:30:00;13:30:00;Telecom1;TDB;A5;::1ATDB:CAPALLERAFLORENCE::(Updated:24/09/202318:35)
475;2023-11-09:;09:00:00;11:00:00;SAE12;TDA;B3;::1ATDA:HERNANDEZSEBASTIEN::(Updated:18/10/202310:28)
476;2023-11-24:;07:00:00;09:00:00;Math-Trans1;TDB;A8;::1ATDB:BENGANAFAYCAL::(Updated:31/10/202318:44)
477;2024-01-23:;12:00:00;15:00:00;RLAN1;TP5;B8;::1ATP5:CHEBBISAMAR::(Updated:27/11/202315:29)
478;2024-02-02:;07:00:00;09:00:00;Math-Num2;TDA;A5;::1ATDA:BENGANAFAYCAL::(Updated:08/01/202418:12)
479;2023-11-16:;07:00:00;09:00:00;Web1;TDC;B8;::1ATDC:PERRIOTROMAIN::(Updated:12/11/202317:57)
480;2023-11-22:;09:00:00;11:00:00;SAE15;TP2;C5;::1ATP2:JACQUETFREDERIQUE::(Updated:27/11/202316:14)
481;2023-10-19:;11:30:00;13:30:00;Prog1;TP1;C5;::1ATP1:SIGURETARNAUD::(Updated:28/09/202311:07)
482;2023-12-19:;15:00:00;18:00:00;Archi-Rés1;TP4;B8;::1ATP4:FREITASANTONIO::(Updated:09/11/202316:46)
483;2023-11-09:;15:00:00;17:00:00;Elec1;TDC;A5;::1ATDC:CAPALLERAFLORENCE::(Updated:13/10/202311:42)
484;2023-10-17:;12:30:00;13:30:00;SAE11;TP1;B7;::1ATP1:GIRAUDNADINE::(Updated:28/09/202311:31)
485;2024-01-18:;12:30:00;14:30:00;SAE14;TP4;B7;::1ATP4:GIRAUDNADINE::(Updated:18/12/202310:27)
486;2023-12-01:;08:00:00;11:00:00;Archi-Sys1;TP3;C7;::1ATP3:PERRIOTROMAIN::(Updated:20/11/202310:14)
487;2023-09-25:;13:30:00;15:30:00;SAE11;TDC-PT;B1bis,C5;::1ATDC::(Updated:24/09/202318:33)
488;2024-01-19:;08:00:00;11:00:00;Archi-Rés1;TP5;C7;::1ATP5:FREITASANTONIO::(Updated:27/11/202314:54)
489;2023-11-08:;09:00:00;11:00:00;Syst1;TP1;B3;::1ATP1:WEZLMICHAEL::(Updated:07/11/202316:48)
490;2023-10-04:;08:00:00;10:00:00;Archi-Sys1;TDA;A5bis;::1ATDA:JACQUETJEAN-PAUL::(Updated:25/09/202313:01)
491;2023-09-12:;12:30:00;13:30:00;Init-Rés1;Cours;A5-A5bis;::1A:FREITASANTONIO::(Updated:08/09/202313:00)
492;2023-11-16:;12:30:00;14:30:00;Com1;TP4;B7;::1ATP4:GIRAUDNADINE::(Updated:16/10/202319:01)
493;2023-09-27:;12:00:00;14:00:00;Init-Rés1;TDA;B3;::1ATDA:FREITASANTONIO::(Updated:25/09/202312:18)
494;2023-11-30:;09:00:00;11:00:00;Syst1;TP2;C5;::1ATP2:JACQUETFREDERIQUE::(Updated:23/11/202310:34)
495;2023-11-15:;07:00:00;09:00:00;Web1;TDB;B3;::1ATDB:HABACHIOUSSAMA::(Updated:24/10/202313:43)
496;2023-11-13:;14:30:00;16:30:00;Anglais1;TP5;B2;::1ATP5:BEIGNONDAGOSTINOLAURE::(Updated:16/10/202318:51)
497;2023-09-14:;07:00:00;08:00:00;Telecom1;Cours;A5-A5bis;::1A:CAPALLERAFLORENCE::(Updated:08/09/202312:57)
498;2023-11-16:;09:00:00;11:00:00;Syst1;TP4;C5;::1ATP4:WEZLMICHAEL::(Updated:16/10/202319:03)
499;2023-09-19:;13:30:00;15:30:00;Prog1;TDB;B3;::1ATDB:SIGURETARNAUD::(Updated:07/07/202313:33)
500;2024-01-09:;12:00:00;15:00:00;SAE13;TP4;C1;::1ATP4:CAPALLERAFLORENCE::(Updated:27/11/202315:48)
501;2023-12-05:;12:30:00;14:30:00;SAE12;TDC-PT;B4,B3;::1ATDC::(Updated:27/11/202315:22)
502;2024-01-16:;07:00:00;09:00:00;SAE15;TP2;C5;::1ATP2:HAYEKFREDERIC::(Updated:27/11/202316:20)
503;2023-12-07:;09:00:00;11:00:00;Prog1;TP1;C5;::1ATP1:SIGURETARNAUD::(Updated:09/11/202312:58)
504;2023-11-30:;09:00:00;11:00:00;SAE14;TP4;B2;::1ATP4:BEIGNONDAGOSTINOLAURE::(Updated:23/11/202315:43)
505;2023-09-21:;06:00:00;08:00:00;Telecom1;TDC;A8;::1ATDC:CAPALLERAFLORENCE::(Updated:11/09/202316:34)
506;2023-11-22:;12:00:00;15:00:00;Elec1;TP1;B1bis;::1ATP1:CAPALLERAFLORENCE::(Updated:16/10/202318:23)
507;2023-11-20:;12:00:00;15:00:00;Archi-Sys1;TP3;C5;::1ATP3:PERRIOTROMAIN::(Updated:06/11/202317:58)
508;2023-10-23:;06:00:00;08:00:00;Elec1;TDB;A8;::1ATDB:CAPALLERAFLORENCE::(Updated:20/10/202317:02)
509;2024-01-18:;08:00:00;11:00:00;SAE13;TP4;C1;::1ATP4:CAPALLERAFLORENCE::(Updated:27/11/202315:49)
510;2023-11-10:;12:30:00;14:30:00;Math-Signal1;TDB;A8;::1ATDB:COURSIMAULTDAVID::(Updated:13/10/202311:18)
511;2023-12-18:;12:30:00;14:30:00;SAE14;TP5;B7;::1ATP5:GIRAUDNADINE::(Updated:13/11/202317:19)
512;2023-12-12:;07:00:00;09:00:00;SAE14;TDB-PT;B3,C1bis;::1ATDB::(Updated:09/11/202316:42)
513;2023-11-08:;08:00:00;11:00:00;Init-Rés1;TP5;C1bis;::1ATP5:FREITASANTONIO::(Updated:29/10/202318:04)
514;2023-11-20:;09:00:00;11:00:00;Math-Trans1;TDB;A5bis;::1ATDB:BENGANAFAYCAL::(Updated:25/10/202311:47)
515;2023-12-14:;07:00:00;09:00:00;Archi-Rés1;Examen;SalleexamenMPC003;::1A:FREITASANTONIO::(Updated:02/11/202312:05)
516;2024-01-24:;07:00:00;09:00:00;Web1;Examen;SalleA135;::1ATDA:HABACHIOUSSAMA::(Updated:19/12/202310:47)
517;2024-01-16:;08:00:00;11:00:00;RLAN1;TP5;C1bis;::1ATP5:CHEBBISAMAR::(Updated:27/11/202315:41)
518;2023-12-07:;07:00:00;09:00:00;Anglais1;TP3;B2;::1ATP3:BEIGNONDAGOSTINOLAURE::(Updated:09/11/202316:00)
519;2023-10-26:;13:30:00;14:30:00;SAE11;TP2;B8;::1ATP2:JACQUETFREDERIQUE::(Updated:10/10/202318:29)
520;2023-10-16:;08:00:00;10:00:00;SAE13;TDC;B8;::1ATDC:COURSIMAULTDAVID::(Updated:13/11/202316:52)
521;2024-01-09:;15:00:00;18:00:00;Archi-Rés1;TP3;B8;::1ATP3:DELOSHUGO::(Updated:27/11/202314:52)
522;2023-10-10:;11:30:00;13:30:00;Anglais1;TDA;LabomultimédiaA105;::1ATDA:BEIGNONDAGOSTINOLAURE::(Updated:10/10/202312:21)
523;2023-12-05:;12:30:00;14:30:00;Gest_projet;TDB;A5;::1ATDB:MAYETKARINE::(Updated:20/11/202310:27)
524;2023-09-18:;13:30:00;15:30:00;Com1;TDA;B7;::1ATDA:GIRAUDNADINE::(Updated:07/07/202313:38)
525;2023-10-19:;08:00:00;10:00:00;Init-Rés1;TDB;B8;::1ATDB:HERNANDEZSEBASTIEN::(Updated:19/10/202311:08)
526;2023-10-04:;14:30:00;17:30:00;Init-Rés1;TP1;C1bis;::1ATP1:BROSLAURENT::(Updated:25/09/202313:00)
527;2023-10-20:;11:30:00;13:30:00;Prog1;TP4;B3;::1ATP4:PERRIOTROMAIN::(Updated:05/10/202318:47)
528;2024-01-22:;12:30:00;14:30:00;SAE15;TP5;B8;::1ATP5:HAYEKFREDERIC::(Updated:13/12/202311:42)
529;2024-02-01:;07:00:00;09:00:00;Internet2;TDA;A5bis;::1ATDA:JACQUETFREDERIQUE::(Updated:09/01/202410:25)
530;2023-10-09:;13:30:00;15:30:00;Anglais1;TDB;LabomultimédiaA109;::1ATDB:BEIGNONDAGOSTINOLAURE::(Updated:04/09/202313:48)
531;2023-10-26:;11:30:00;13:30:00;Anglais1;TP4;B2;::1ATP4:BEIGNONDAGOSTINOLAURE::(Updated:10/10/202318:24)
532;2023-11-23:;12:30:00;14:30:00;Anglais1;TP1;LabomultimédiaA105;::1ATP1:GORDONNATHALIE::(Updated:21/10/202313:33)
533;2024-01-15:;12:00:00;15:00:00;RLAN1;TP2;C7;::1ATP2:FREITASANTONIO::(Updated:27/11/202314:57)
534;2023-10-17:;13:30:00;14:30:00;SAE11;TP2;B7;::1ATP2:GIRAUDNADINE::(Updated:28/09/202311:31)
535;2023-10-02:;08:00:00;10:00:00;Init-Rés1;TDC;C5;::1ATDC:FREITASANTONIO::(Updated:25/09/202317:01)
536;2024-01-08:;12:00:00;15:00:00;RLAN1;TP1;C7;::1ATP1:CHEBBISAMAR::(Updated:27/11/202314:57)
537;2023-10-04:;08:00:00;10:00:00;Elec1;TDB;B3;::1ATDB:CAPALLERAFLORENCE::(Updated:25/09/202313:07)
538;2024-01-29:;12:30:00;13:30:00;Admin_Sys2;Cours;A5-A5bis;::1A:HERNANDEZSEBASTIEN::(Updated:09/01/202409:57)
539;2023-12-19:;08:00:00;11:00:00;SAE13;TP4;C1;::1ATP4:CAPALLERAFLORENCE::(Updated:09/11/202317:00)
540;2023-10-19:;11:00:00;14:00:00;Init-Rés1;TP5;B8;::1ATP5:FREITASANTONIO::(Updated:05/10/202318:32)
541;2023-10-16:;12:30:00;13:30:00;SAE11;TP4;B7;::1ATP4:GIRAUDNADINE::(Updated:05/10/202318:47)
542;2023-12-07:;14:30:00;16:30:00;Anglais1;TP4;LabomultimédiaA105;::1ATP4:GORDONNATHALIE::(Updated:13/11/202313:03)
543;2023-10-26:;08:00:00;10:00:00;Prog1;TP3;B3;::1ATP3:ZAYENEMARIEM::(Updated:10/10/202318:34)
544;2023-10-16:;08:00:00;10:00:00;SAE13;TDB;A8;::1ATDB:CAPALLERAFLORENCE::(Updated:13/11/202316:54)
545;2023-10-09:;08:00:00;10:00:00;Prog1;TP5;B6;::1ATP5:SIGURETARNAUD::(Updated:25/09/202317:11)
546;2023-11-15:;15:00:00;18:00:00;Elec1;TP4;C1;::1ATP4:CAPALLERAFLORENCE::(Updated:13/11/202309:42)
547;2024-01-10:;13:00:00;15:00:00;SAE12;TDA-PT;B8,B6;::1ATDA::(Updated:27/11/202315:55)
548;2023-09-12:;13:30:00;15:30:00;Com1;TDA;B7;::1ATDA:GIRAUDNADINE::(Updated:10/07/202313:02)
549;2023-10-10:;11:00:00;14:00:00;Init-Rés1;TP5;B8;::1ATP5:FREITASANTONIO::(Updated:06/10/202312:35)
550;2023-12-04:;14:30:00;16:30:00;SAE12;TDA-PT;C5,B3;::1ATDA::(Updated:28/11/202318:30)
551;2023-11-23:;12:30:00;14:30:00;Prog1;TP2;B1bis;::1ATP2:ZAYENEMARIEM::(Updated:06/11/202317:59)
552;2023-12-06:;08:00:00;11:00:00;Telecom1;TP3;C1;::1ATP3:CAPALLERAFLORENCE::(Updated:09/11/202312:48)
553;2023-12-19:;07:00:00;09:00:00;Prog1;TP2;B6;::1ATP2:ZAYENEMARIEM::(Updated:06/12/202309:27)
554;2023-09-22:;08:00:00;10:00:00;Init-Rés1;TDC;C5;::1ATDC:FREITASANTONIO::(Updated:25/09/202312:19)
555;2023-12-12:;12:00:00;15:00:00;Telecom1;TP2;C1;::1ATP2:CAPALLERAFLORENCE::(Updated:04/12/202314:36)
556;2024-01-26:;12:30:00;14:00:00;SAE12;TP3;C5;::1ATP3:FREITASANTONIO::(Updated:27/11/202315:52)
557;2023-11-14:;09:00:00;11:00:00;Math-Signal1;Examen;AMPHIB;::1A:COURSIMAULTDAVID::(Updated:09/11/202312:45)
558;2023-12-14:;12:00:00;15:00:00;Telecom1;TP1;C1;::1ATP1:CAPALLERAFLORENCE::(Updated:20/11/202310:17)
559;2023-11-13:;09:00:00;10:00:00;Math-Trans1;Cours;A5-A5bis;::1A:COURSIMAULTDAVID::(Updated:16/10/202318:36)
560;2023-09-13:;14:00:00;16:00:00;Telecom1;TDC;A5bis;::1ATDC:CAPALLERAFLORENCE::(Updated:08/09/202317:34)
561;2023-10-11:;13:30:00;15:30:00;Com1;TDB;B7;::1ATDB:GIRAUDNADINE::(Updated:28/09/202311:13)
562;2024-01-29:;10:00:00;11:00:00;Internet2;Cours;A5-A5bis;::1A:JACQUETFREDERIQUE::(Updated:08/01/202418:19)
563;2023-09-21:;08:00:00;10:00:00;Math-Signal1;TDC;A5bis;::1ATDC:BOUAYEDAYMENE::(Updated:10/10/202311:17)
564;2023-11-10:;08:00:00;11:00:00;Elec1;TP2;B1bis;::1ATP2:CAPALLERAFLORENCE::(Updated:13/10/202311:34)
565;2023-09-18:;11:30:00;13:30:00;Init-Rés1;TDA;B8;::1ATDA:FREITASANTONIO::(Updated:25/09/202312:18)
566;2023-12-07:;08:00:00;11:00:00;Telecom1;TP5;C1;::1ATP5:CAPALLERAFLORENCE::(Updated:24/11/202311:29)
567;2024-01-19:;12:30:00;14:30:00;SAE15;TP1;B8;::1ATP1:HABACHIOUSSAMA::(Updated:18/12/202310:38)
568;2023-11-15:;12:30:00;14:30:00;Com1;TP3;B7;::1ATP3:GIRAUDNADINE::(Updated:16/10/202319:05)
569;2023-12-04:;09:00:00;11:00:00;Anglais1;TP5;LabomultimédiaA105;::1ATP5:GORDONNATHALIE::(Updated:03/12/202313:21)
570;2023-09-13:;06:00:00;08:00:00;Syst1;TDA;B3;::1ATDA:JACQUETFREDERIQUE::(Updated:10/07/202312:49)
571;2023-11-24:;12:30:00;14:30:00;SAE14;TDB;B8;::1ATDB:HABACHIOUSSAMA::(Updated:06/11/202316:39)
572;2024-01-11:;09:00:00;11:00:00;SAE15;TP3;B3;::1ATP3:PERRIOTROMAIN::(Updated:09/01/202415:59)
573;2023-09-14:;11:30:00;13:30:00;Math-Signal1;TDB;A5;::1ATDB:COURSIMAULTDAVID::(Updated:11/09/202315:41)
574;2023-09-14:;11:30:00;13:30:00;Prog1;TDC;B3;::1ATDC:PERRIOTROMAIN::(Updated:12/09/202316:45)
575;2023-09-27:;08:00:00;10:00:00;Init-Rés1;TDC;B8;::1ATDC:FREITASANTONIO::(Updated:25/09/202312:19)
576;2023-09-18:;09:00:00;10:00:00;SAE12;Cours;A5-A5bis;::1A:HERNANDEZSEBASTIEN::(Updated:11/07/202317:10)
577;2023-10-19:;08:00:00;10:00:00;Syst1;TP1;B3;::1ATP1:WEZLMICHAEL::(Updated:16/10/202317:40)
578;2023-10-20:;08:00:00;10:00:00;Syst1;TP5;C5;::1ATP5:JACQUETFREDERIQUE::(Updated:28/09/202311:10)
579;2023-10-24:;12:30:00;13:30:00;SAE11;TP4;B8;::1ATP4:JACQUETFREDERIQUE::(Updated:10/10/202313:34)
580;2023-12-19:;07:00:00;09:00:00;SAE14;TP1;B7;::1ATP1:GIRAUDNADINE::(Updated:09/11/202317:08)
581;2023-12-13:;08:00:00;10:00:00;Gest_projet;TDB;A5bis;::1ATDB:MAYETKARINE::(Updated:08/12/202310:51)
582;2023-10-26:;08:00:00;10:00:00;Prog1;TP5;B1bis;::1ATP5:SIGURETARNAUD::(Updated:11/10/202320:09)
583;2023-12-20:;15:00:00;18:00:00;Archi-Rés1;TP1;C1bis;::1ATP1:BROSLAURENT::(Updated:20/11/202310:36)
584;2023-10-24:;08:00:00;10:00:00;Anglais1;TP2;B2;::1ATP2:BEIGNONDAGOSTINOLAURE::(Updated:10/10/202313:22)
585;2023-12-04:;14:30:00;16:30:00;SAE12;TDB-PT;B4,C1bis;::1ATDB::(Updated:28/11/202318:30)
586;2023-12-20:;12:00:00;15:00:00;Archi-Sys1;TP2;C5;::1ATP2:PERRIOTROMAIN::(Updated:20/11/202310:36)
587;2023-09-19:;11:30:00;13:30:00;Prog1;TDA;B3;::1ATDA:SIGURETARNAUD::(Updated:11/07/202317:09)
588;2023-12-12:;12:30:00;14:30:00;Prog1;TP1;B6;::1ATP1:SIGURETARNAUD::(Updated:09/11/202316:20)
589;2023-10-11:;11:30:00;13:30:00;SAE13;TDB-PT;B6,B8;::1ATDB::(Updated:06/10/202311:22)
590;2023-09-29:;06:00:00;08:00:00;SAE11;TDC;C5;::1ATDC:JACQUETFREDERIQUE::(Updated:18/09/202313:53)
591;2023-11-09:;14:30:00;16:30:00;Anglais1;TP1;LabomultimédiaA105;::1ATP1:GORDONNATHALIE::(Updated:21/10/202313:33)
592;2024-01-10:;12:30:00;14:30:00;SAE15;TP5;C5;::1ATP5:HAYEKFREDERIC::(Updated:13/12/202311:42)
593;2023-12-20:;07:00:00;09:00:00;Math-Trans1;TDC;A5bis;::1ATDC:MATARHOUSSEIN::(Updated:09/11/202317:07)
594;2023-10-10:;06:00:00;08:00:00;SAE12;TP2;C7;::1ATP2:ZAYENEMARIEM::(Updated:03/10/202317:54)
595;2024-01-18:;07:00:00;09:00:00;SAE15;TDA-PT;B6,B8;::1ATDA::(Updated:21/12/202313:00)
596;2023-09-28:;08:00:00;10:00:00;Syst1;TDB;B3;::1ATDB:JACQUETFREDERIQUE::(Updated:07/07/202313:12)
597;2023-10-18:;06:00:00;08:00:00;Com1;TDC;B7;::1ATDC:GIRAUDNADINE::(Updated:28/09/202311:27)
598;2023-12-08:;09:00:00;11:00:00;Math-Trans1;TDC;A8;::1ATDC:MATARHOUSSEIN::(Updated:13/11/202317:18)
599;2023-11-29:;09:00:00;11:00:00;Prog1;TP5;C5;::1ATP5:SIGURETARNAUD::(Updated:20/11/202310:42)
600;2023-12-06:;07:00:00;09:00:00;Com1;TP2;B7;::1ATP2:GIRAUDNADINE::(Updated:09/11/202316:02)
601;2023-09-20:;08:00:00;10:00:00;Prog1;TP2;B8;::1ATP2:ZAYENEMARIEM::(Updated:25/08/202313:32)
602;2024-01-08:;08:00:00;11:00:00;RLAN1;TP5;C1bis;::1ATP5:CHEBBISAMAR::(Updated:27/11/202314:57)
603;2023-11-20:;12:30:00;14:30:00;SAE14;TDA;B3;::1ATDA:HABACHIOUSSAMA::(Updated:09/11/202310:22)
604;2023-10-26:;06:00:00;08:00:00;Prog1;TP1;B6;::1ATP1:SIGURETARNAUD::(Updated:11/10/202320:09)
605;2023-09-13:;06:00:00;08:00:00;Com1;TDB;B7;::1ATDB:GIRAUDNADINE::(Updated:10/07/202312:48)
606;2023-10-05:;06:00:00;08:00:00;Syst1;TP3;C5;::1ATP3:JACQUETFREDERIQUE::(Updated:29/09/202318:17)
607;2023-09-13:;06:00:00;08:00:00;Prog1;TDC;C5;::1ATDC:PERRIOTROMAIN::(Updated:12/09/202316:45)
608;2024-01-09:;09:00:00;11:00:00;PPP1;TDA;B7;::1ATDA:GIRAUDNADINE::(Updated:27/11/202315:28)
609;2023-11-15:;12:30:00;15:30:00;Init-Rés1;TP2;C7;::1ATP2:HERNANDEZSEBASTIEN::(Updated:24/10/202313:48)
610;2023-10-19:;07:00:00;08:00:00;SAE11;TP3;B7;::1ATP3:GIRAUDNADINE::(Updated:17/10/202310:35)
611;2023-10-16:;13:30:00;15:30:00;SAE13;TDB-PT;A5bis,B8;::1ATDB::(Updated:09/10/202313:56)
612;2023-09-15:;13:30:00;15:30:00;Telecom1;TDA;A5bis;::1ATDA:CAPALLERAFLORENCE::(Updated:10/07/202313:04)
613;2023-09-21:;11:30:00;13:30:00;PPP1;TDA;B7;::1ATDA:GIRAUDNADINE::(Updated:07/07/202313:43)
614;2023-10-05:;11:30:00;13:30:00;Prog1;TP1;C5;::1ATP1:SIGURETARNAUD::(Updated:25/09/202318:37)
615;2023-11-23:;09:00:00;11:00:00;Math-Trans1;TDA;A6;::1ATDA:COURSIMAULTDAVID::(Updated:14/11/202314:29)
616;2023-10-20:;07:00:00;10:00:00;Init-Rés1;TP4;C1bis;::1ATP4:FREITASANTONIO::(Updated:28/09/202311:00)
617;2023-11-17:;09:00:00;11:00:00;SAE12;TDC-PT;B4,B6;::1ATDC::(Updated:06/11/202318:30)
618;2023-09-14:;13:30:00;15:30:00;Prog1;TDA;B3;::1ATDA:SIGURETARNAUD::(Updated:30/08/202311:49)
619;2024-01-30:;12:30:00;14:30:00;Prog2;TDB;B3;::1ATDB:HABACHIOUSSAMA::(Updated:08/01/202418:27)
620;2023-11-16:;09:00:00;11:00:00;Com1;TP5;B7;::1ATP5:GIRAUDNADINE::(Updated:16/10/202318:35)
621;2023-11-07:;09:00:00;10:00:00;Archi-Rés1;Cours;A5-A5bis;::1A:FREITASANTONIO::(Updated:13/10/202311:13)
622;2023-10-23:;08:00:00;10:00:00;Web1;TDB;B3;::1ATDB:HABACHIOUSSAMA::(Updated:10/10/202318:34)
623;2023-10-25:;13:30:00;16:30:00;Init-Rés1;TP2;C1bis;::1ATP2:HERNANDEZSEBASTIEN::(Updated:10/10/202318:42)
624;2023-10-09:;11:30:00;13:30:00;Syst1;TDA;B3;::1ATDA:JACQUETFREDERIQUE::(Updated:25/09/202317:04)
625;2023-11-13:;12:30:00;14:30:00;SAE13;TDB;A8;::1ATDB:CAPALLERAFLORENCE::(Updated:13/11/202316:54)
626;2024-01-08:;12:30:00;14:30:00;SAE12;TDC-PT;C1bis,B3;::1ATDC::(Updated:27/11/202315:43)
627;2023-12-19:;08:00:00;11:00:00;Archi-Sys1;TP3;C5;::1ATP3:PERRIOTROMAIN::(Updated:09/11/202317:19)
628;2023-10-24:;08:00:00;10:00:00;Com1;TDB;B7;::1ATDB:GIRAUDNADINE::(Updated:10/10/202313:18)
629;2024-01-26:;14:00:00;15:30:00;SAE12;TP4;C5;::1ATP4:FREITASANTONIO::(Updated:27/11/202315:52)
630;2024-01-10:;15:00:00;17:00:00;SAE15;TDB-PT;C1bis,B4;::1ATDB::(Updated:19/12/202315:39)
631;2023-10-26:;06:00:00;08:00:00;Syst1;TP4;B8;::1ATP4:WEZLMICHAEL::(Updated:10/10/202318:35)
632;2023-11-21:;12:00:00;15:00:00;Archi-Sys1;TP1;C5;::1ATP1:PERRIOTROMAIN::(Updated:31/10/202319:17)
633;2024-01-25:;14:30:00;16:30:00;SAE15;TP3;C5;::1ATP3:PERRIOTROMAIN::(Updated:09/01/202415:59)
634;2023-11-07:;12:30:00;14:30:00;Math-Signal1;TDC;A5bis;::1ATDC:BOUAYEDAYMENE::(Updated:25/10/202311:43)
635;2023-11-28:;12:30:00;14:30:00;Archi-Rés1;TDC;C5;::1ATDC:FREITASANTONIO::(Updated:14/11/202309:55)
636;2023-10-27:;12:30:00;13:30:00;SAE11;TP1;B8;::1ATP1:JACQUETFREDERIQUE::(Updated:10/10/202313:12)
637;2023-10-18:;06:00:00;08:00:00;Archi-Sys1;TDB;A5bis;::1ATDB:JACQUETJEAN-PAUL::(Updated:05/10/202318:42)
638;2023-10-13:;06:00:00;08:00:00;SAE11;TDB;B7;::1ATDB:GIRAUDNADINE::(Updated:03/10/202317:51)
639;2023-11-27:;15:00:00;18:00:00;Archi-Sys1;TP2;B3;::1ATP2:PERRIOTROMAIN::(Updated:20/11/202310:15)
640;2023-09-20:;08:00:00;10:00:00;Archi-Sys1;TDB;A5bis;::1ATDB:JACQUETJEAN-PAUL::(Updated:11/07/202317:13)
641;2024-02-02:;12:30:00;13:30:00;Numérisation2;Cours;A5-A5bis;::1A:COURSIMAULTDAVID::(Updated:08/01/202418:19)
642;2023-09-20:;06:00:00;08:00:00;Com1;TDC;B7;::1ATDC:GIRAUDNADINE::(Updated:08/09/202317:17)
643;2023-11-08:;07:00:00;09:00:00;Syst1;TP4;B3;::1ATP4:WEZLMICHAEL::(Updated:07/11/202316:48)
644;2024-01-10:;13:00:00;15:00:00;Gest_projet;TDB;B7;::1ATDB:MAYETKARINE::(Updated:19/12/202315:39)
645;2023-09-27:;08:00:00;10:00:00;SAE11;TDB-PT;B6,B3;::1ATDB::(Updated:24/09/202318:38)
646;2024-01-15:;12:00:00;15:00:00;RLAN1;TP1;B8;::1ATP1:CHEBBISAMAR::(Updated:27/11/202314:59)
647;2023-12-05:;10:00:00;11:00:00;RLAN1;Cours;A5-A5bis;::1A:FREITASANTONIO::(Updated:09/11/202312:52)
648;2023-11-23:;12:30:00;14:30:00;Math-Trans1;TDC;A8;::1ATDC:BOUAYEDAYMENE::(Updated:16/11/202316:43)
649;2023-11-23:;14:30:00;16:30:00;Prog1;TP4;C5;::1ATP4:PERRIOTROMAIN::(Updated:14/11/202310:27)
650;2024-01-29:;08:00:00;09:00:00;Math-Num2;Cours;A5-A5bis;::1A:COURSIMAULTDAVID::(Updated:09/01/202410:13)
651;2023-11-30:;12:30:00;14:30:00;SAE14;TP3;B2;::1ATP3:BEIGNONDAGOSTINOLAURE::(Updated:09/11/202315:38)
652;2023-10-05:;13:30:00;15:30:00;SAE11;TDA-PT;B3,A8;::1ATDA::(Updated:29/09/202318:22)
653;2024-01-19:;08:00:00;11:00:00;RLAN1;TP4;B8;::1ATP4:CHEBBISAMAR::(Updated:27/11/202316:21)
654;2023-10-12:;06:00:00;08:00:00;SAE12;TP4;C1bis;::1ATP4:DELOSHUGO::(Updated:03/10/202310:59)
655;2023-11-30:;12:30:00;14:30:00;Com1;TP4;B7;::1ATP4:GIRAUDNADINE::(Updated:09/11/202315:38)
656;2023-10-11:;11:30:00;13:30:00;Com1;TDC;B7;::1ATDC:GIRAUDNADINE::(Updated:25/09/202316:38)
657;2023-12-14:;12:30:00;14:30:00;SAE14;TDB-PT;B3,B4;::1ATDB::(Updated:06/12/202309:26)
658;2024-01-19:;14:30:00;15:30:00;SAE14;TP3;B3;::1ATP3:HABACHIOUSSAMA::(Updated:21/12/202311:23)
659;2023-11-16:;14:30:00;16:30:00;Anglais1;TP4;B2;::1ATP4:BEIGNONDAGOSTINOLAURE::(Updated:09/11/202312:12)
660;2023-10-20:;06:00:00;09:00:00;Init-Rés1;TP3;C7;::1ATP3:DELOSHUGO::(Updated:20/11/202310:24)
661;2023-11-28:;07:00:00;08:00:00;RLAN1;Cours;A5-A5bis;::1A:FREITASANTONIO::(Updated:15/11/202315:53)
662;2023-10-24:;07:00:00;10:00:00;Elec1;TP1;B1bis;::1ATP1:CAPALLERAFLORENCE::(Updated:10/10/202313:07)
663;2023-12-05:;12:30:00;14:30:00;Com1;TP1;B7;::1ATP1:GIRAUDNADINE::(Updated:09/11/202313:00)
664;2023-10-17:;14:30:00;15:30:00;SAE11;TP2;B7;::1ATP2:GIRAUDNADINE::(Updated:28/09/202311:32)
665;2023-12-08:;07:00:00;09:00:00;SAE13;TDC-PT;B3,A5bis;::1ATDC::(Updated:30/11/202317:11)
666;2023-11-30:;12:30:00;15:30:00;Telecom1;TP5;C1;::1ATP5:CAPALLERAFLORENCE::(Updated:09/11/202312:31)
667;2023-11-09:;07:00:00;10:00:00;Elec1;TP4;B1bis;::1ATP4:CAPALLERAFLORENCE::(Updated:07/11/202317:39)
668;2023-12-19:;09:00:00;11:00:00;Anglais1;TP1;B2;::1ATP1:BEIGNONDAGOSTINOLAURE::(Updated:09/11/202316:58)
669;2023-09-29:;12:00:00;14:00:00;PPP1;TDC;B7;::1ATDC:MAYETKARINE::(Updated:20/11/202310:41)
670;2023-11-16:;12:30:00;14:30:00;Math-Trans1;TDC;A6;::1ATDC:BOUAYEDAYMENE::(Updated:12/11/202317:57)
671;2023-12-05:;14:30:00;16:30:00;Gest_projet;TDC;A5bis;::1ATDC:MAYETKARINE::(Updated:30/11/202317:08)
672;2024-01-23:;09:00:00;11:00:00;SAE15;TDB-PT;A5bis,B6;::1ATDB::(Updated:27/11/202316:23)
673;2023-12-18:;09:00:00;11:00:00;Math-Trans1;TDB;A6;::1ATDB:BENGANAFAYCAL::(Updated:25/10/202311:50)
674;2024-01-29:;13:30:00;14:30:00;Admin_Sys2;Cours;A5-A5bis;::1A:HERNANDEZSEBASTIEN::(Updated:09/01/202409:58)
675;2023-11-29:;08:00:00;11:00:00;Telecom1;TP3;C1;::1ATP3:CAPALLERAFLORENCE::(Updated:09/11/202312:29)
676;2023-12-07:;12:30:00;14:30:00;Math-Trans1;TDA;A6;::1ATDA:COURSIMAULTDAVID::(Updated:09/11/202316:02)
677;2023-12-07:;14:30:00;16:30:00;Com1;TP3;B7;::1ATP3:GIRAUDNADINE::(Updated:09/11/202316:01)
678;2023-10-18:;11:30:00;13:30:00;SAE13;TDA-PT;C1,A8;::1ATDA::(Updated:05/10/202318:46)
679;2023-11-30:;07:00:00;09:00:00;Syst1;TP3;C5;::1ATP3:JACQUETFREDERIQUE::(Updated:23/11/202310:34)
680;2023-11-30:;09:00:00;11:00:00;Syst1;TP1;B3;::1ATP1:WEZLMICHAEL::(Updated:23/11/202310:33)
681;2023-10-26:;06:00:00;08:00:00;Math-Signal1;TDC;A6;::1ATDC:BOUAYEDAYMENE::(Updated:11/10/202320:09)
682;2024-01-16:;15:00:00;18:00:00;Archi-Rés1;TP3;C1bis;::1ATP3:DELOSHUGO::(Updated:27/11/202314:54)
683;2023-10-03:;11:30:00;13:30:00;Prog1;TDA;B3;::1ATDA:SIGURETARNAUD::(Updated:07/07/202313:33)
684;2023-11-06:;12:30:00;14:30:00;SAE15;TDA;B3;::1ATDA:JACQUETFREDERIQUE::(Updated:25/10/202311:44)
685;2023-10-25:;11:30:00;12:30:00;SAE11;TP3;B8;::1ATP3:JACQUETFREDERIQUE::(Updated:10/10/202318:29)
686;2023-11-15:;12:30:00;14:30:00;Archi-Rés1;TDC;C5;::1ATDC:FREITASANTONIO::(Updated:14/11/202309:59)
687;2023-10-03:;08:00:00;10:00:00;SAE12;TP1;C7;::1ATP1:HERNANDEZSEBASTIEN::(Updated:25/09/202317:19)
688;2024-01-10:;07:00:00;09:00:00;Gest_projet;TDA;A5;::1ATDA:MAYETKARINE::(Updated:19/12/202315:39)
689;2023-12-14:;15:00:00;18:00:00;Telecom1;TP4;C1;::1ATP4:CAPALLERAFLORENCE::(Updated:06/12/202309:25)
690;2023-12-06:;12:30:00;14:30:00;Gest_projet;TDA;A5bis;::1ATDA:MAYETKARINE::(Updated:20/11/202310:28)
691;2024-01-18:;07:00:00;09:00:00;Math-Trans1;TDC;B3;::1ATDC:MATARHOUSSEIN::(Updated:19/12/202312:32)
692;2023-11-14:;12:30:00;14:30:00;SAE12;TDA-PT;C5,B6;::1ATDA::(Updated:31/10/202317:59)
693;2024-01-26:;12:30:00;14:00:00;SAE12;TP2;B6;::1ATP2:ZAYENEMARIEM::(Updated:20/12/202310:09)
694;2023-11-28:;10:30:00;11:00:00;Elec1;Examen;A5-A5bis;::1A:CAPALLERAFLORENCE::(Updated:15/11/202315:54)
695;2023-10-05:;11:30:00;13:30:00;Syst1;TP5;B8;::1ATP5:JACQUETFREDERIQUE::(Updated:25/09/202316:59)
696;2024-01-30:;07:00:00;08:00:00;BD2;Cours;A5-A5bis;::1A:HABACHIOUSSAMA::(Updated:09/01/202409:57)
697;2024-01-12:;09:00:00;11:00:00;SAE14;TP1;B2;::1ATP1:BEIGNONDAGOSTINOLAURE::(Updated:27/11/202315:54)
698;2023-12-06:;14:30:00;16:30:00;PPP1;TDC;B7;::1ATDC:MAYETKARINE::(Updated:20/11/202310:44)
699;2023-10-09:;13:30:00;15:30:00;Com1;TDA;B7;::1ATDA:GIRAUDNADINE::(Updated:25/09/202317:03)
700;2023-11-16:;14:30:00;16:30:00;Prog1;TP5;C5;::1ATP5:SIGURETARNAUD::(Updated:06/11/202317:58)
701;2024-01-11:;12:00:00;15:00:00;SAE13;TP5;C1;::1ATP5:CAPALLERAFLORENCE::(Updated:27/11/202315:48)
702;2023-11-08:;07:00:00;09:00:00;Syst1;TP3;C5;::1ATP3:JACQUETFREDERIQUE::(Updated:13/10/202311:47)
703;2023-10-27:;06:00:00;08:00:00;Math-Signal1;TDA;A8;::1ATDA:MATARHOUSSEIN::(Updated:10/10/202313:11)
704;2023-09-21:;13:30:00;15:30:00;Prog1;TP5;B1bis;::1ATP5:SIGURETARNAUD::(Updated:12/09/202316:48)
705;2023-12-12:;14:30:00;16:30:00;Prog1;TP5;B1bis;::1ATP5:SIGURETARNAUD::(Updated:09/11/202316:20)
706;2023-12-12:;10:00:00;11:00:00;RLAN1;Cours;A5-A5bis;::1A:FREITASANTONIO::(Updated:09/11/202312:52)
707;2023-10-20:;06:00:00;08:00:00;Math-Signal1;TDA;A8;::1ATDA:MATARHOUSSEIN::(Updated:28/09/202311:28)
708;2023-11-23:;12:30:00;14:30:00;SAE12;TDB;B3;::1ATDB:FREITASANTONIO::(Updated:31/10/202319:20)
709;2023-12-06:;09:00:00;11:00:00;Math-Trans1;TDC;A6;::1ATDC:MATARHOUSSEIN::(Updated:09/11/202313:04)
710;2023-11-14:;07:00:00;08:00:00;SAE14;Cours;A5-A5bis;::1A:GIRAUDNADINE::(Updated:14/11/202310:01)
711;2023-10-12:;08:00:00;10:00:00;Syst1;TP4;B3;::1ATP4:WEZLMICHAEL::(Updated:03/10/202311:00)
712;2024-01-17:;15:30:00;18:30:00;Archi-Rés1;TP1;B8;::1ATP1:BROSLAURENT::(Updated:27/11/202315:45)
713;2023-11-10:;08:00:00;11:00:00;Init-Rés1;TP4;C7;::1ATP4:FREITASANTONIO::(Updated:28/09/202311:01)
714;2024-01-16:;15:00:00;16:00:00;SAE14;TP5;B2;::1ATP5:HABACHIOUSSAMA::(Updated:13/12/202311:38)
715;2023-09-12:;08:00:00;09:00:00;Math-Signal1;Cours;A5-A5bis;::1A:COURSIMAULTDAVID::(Updated:08/09/202312:56)
716;2024-01-09:;07:00:00;09:00:00;Prog1;TP1;B3;::1ATP1:SIGURETARNAUD::(Updated:27/11/202315:02)
717;2023-10-10:;08:00:00;10:00:00;Web1;TDB;B3;::1ATDB:HABACHIOUSSAMA::(Updated:03/10/202317:56)
718;2023-11-09:;12:30:00;14:30:00;Anglais1;TP4;B2;::1ATP4:BEIGNONDAGOSTINOLAURE::(Updated:27/10/202310:36)
719;2024-01-15:;12:30:00;14:30:00;SAE15;TP4;B3;::1ATP4:PERRIOTROMAIN::(Updated:09/01/202416:00)
720;2024-01-16:;15:00:00;18:00:00;Archi-Rés1;TP4;B8;::1ATP4:FREITASANTONIO::(Updated:27/11/202314:54)
721;2023-11-06:;07:00:00;09:00:00;Prog1;TP5;C5;::1ATP5:SIGURETARNAUD::(Updated:29/10/202318:08)
722;2023-10-09:;11:30:00;13:30:00;Archi-Sys1;TDC;A5;::1ATDC:JACQUETJEAN-PAUL::(Updated:25/09/202317:11)
723;2023-10-17:;06:00:00;08:00:00;Com1;TDB;B7;::1ATDB:GIRAUDNADINE::(Updated:28/09/202311:11)
724;2023-12-14:;09:00:00;11:00:00;Math-Trans1;TDC;A8;::1ATDC:MATARHOUSSEIN::(Updated:13/11/202317:20)
725;2024-01-15:;09:00:00;11:00:00;Math-Trans1;TDB;B3;::1ATDB:BENGANAFAYCAL::(Updated:19/12/202312:34)
726;2023-12-15:;09:00:00;11:00:00;PPP1;TDB;B7;::1ATDB:GIRAUDNADINE::(Updated:20/11/202310:18)
727;2023-11-21:;09:00:00;11:00:00;Archi-Rés1;TDA;C5;::1ATDA:HERNANDEZSEBASTIEN::(Updated:17/11/202309:49)
728;2024-01-19:;09:00:00;11:00:00;SAE14;TP1;B7;::1ATP1:GIRAUDNADINE::(Updated:18/12/202310:41)
729;2023-11-22:;15:30:00;18:30:00;Init-Rés1;TP1;C7;::1ATP1:BROSLAURENT::(Updated:19/10/202316:50)
730;2023-10-26:;11:30:00;12:30:00;SAE11;TP2;B8;::1ATP2:JACQUETFREDERIQUE::(Updated:10/10/202318:29)
731;2023-11-23:;09:00:00;11:00:00;SAE15;TDC;C5;::1ATDC:JACQUETFREDERIQUE::(Updated:14/11/202314:29)
732;2023-10-27:;07:00:00;08:00:00;SAE11;TP5;B8;::1ATP5:JACQUETFREDERIQUE::(Updated:10/10/202313:16)
733;2023-12-08:;08:00:00;11:00:00;Telecom1;TP2;C1;::1ATP2:CAPALLERAFLORENCE::(Updated:09/11/202312:48)
734;2023-09-12:;09:00:00;10:00:00;Init-Rés1;Cours;A5-A5bis;::1A:FREITASANTONIO::(Updated:07/07/202311:27)
735;2023-10-09:;06:00:00;07:00:00;Math-Signal1;Cours;A5-A5bis;::1A:COURSIMAULTDAVID::(Updated:25/09/202316:25)
736;2023-11-24:;12:30:00;14:30:00;Math-Trans1;TDA;A8;::1ATDA:COURSIMAULTDAVID::(Updated:31/10/202318:49)
737;2023-12-21:;08:00:00;11:00:00;Archi-Sys1;TP4;C5;::1ATP4:PERRIOTROMAIN::(Updated:09/11/202317:18)
738;2023-09-25:;13:30:00;15:30:00;SAE11;TDA-PT;A5,B6;::1ATDA::(Updated:24/09/202318:32)
739;2024-01-15:;15:00:00;17:00:00;SAE14;TP2;B7;::1ATP2:GIRAUDNADINE::(Updated:27/11/202315:57)
740;2024-01-19:;12:30:00;15:30:00;SAE13;TP2;C1;::1ATP2:CAPALLERAFLORENCE::(Updated:27/11/202316:21)
741;2023-11-07:;12:30:00;14:30:00;SAE15;TDB;B3;::1ATDB:JACQUETFREDERIQUE::(Updated:18/10/202310:29)
742;2024-01-15:;08:00:00;11:00:00;RLAN1;TP5;C1bis;::1ATP5:CHEBBISAMAR::(Updated:27/11/202314:59)
743;2023-10-25:;13:30:00;14:30:00;SAE11;TP3;B8;::1ATP3:JACQUETFREDERIQUE::(Updated:10/10/202313:36)
744;2023-12-21:;12:30:00;14:30:00;PPP1;TDB;B7;::1ATDB:GIRAUDNADINE::(Updated:09/11/202317:15)
745;2023-10-20:;08:00:00;10:00:00;SAE12;TDA;B8;::1ATDA:HERNANDEZSEBASTIEN::(Updated:05/10/202318:46)
746;2023-12-22:;07:00:00;09:00:00;SAE15;TDA-PT;B3,B8;::1ATDA::(Updated:27/11/202315:23)
747;2023-12-13:;15:30:00;18:30:00;Archi-Rés1;TP1;C1bis;::1ATP1:BROSLAURENT::(Updated:09/11/202311:22)
748;2023-10-20:;11:30:00;13:30:00;Syst1;TP3;C5;::1ATP3:JACQUETFREDERIQUE::(Updated:05/10/202318:42)
749;2023-10-10:;13:30:00;15:30:00;Elec1;TDA;A6;::1ATDA:CAPALLERAFLORENCE::(Updated:03/10/202317:55)
750;2023-11-30:;07:00:00;09:00:00;Com1;TP2;B7;::1ATP2:GIRAUDNADINE::(Updated:23/11/202310:34)
751;2023-12-20:;12:30:00;14:30:00;SAE14;TDC-PT;B6,C7;::1ATDC::(Updated:27/11/202315:24)
752;2023-10-17:;08:00:00;10:00:00;SAE13;TDA;B8;::1ATDA:COURSIMAULTDAVID::(Updated:17/10/202310:35)
753;2024-01-23:;12:30:00;14:30:00;SAE15;TP1;B6;::1ATP1:HABACHIOUSSAMA::(Updated:27/11/202316:23)
754;2023-09-12:;11:30:00;12:30:00;Elec1;Cours;A5-A5bis;::1A:CAPALLERAFLORENCE::(Updated:08/09/202312:56)
755;2023-11-17:;07:00:00;10:00:00;Init-Rés1;TP3;C7;::1ATP3:Intervenantàpréciser::(Updated:20/11/202310:25)
756;2024-01-11:;12:30:00;14:30:00;SAE15;TDA-PT;B6,C5;::1ATDA::(Updated:27/11/202316:19)
757;2024-01-16:;07:00:00;08:00:00;SAE14;TP1;B3;::1ATP1:HABACHIOUSSAMA::(Updated:20/12/202310:36)
758;2024-01-22:;12:00:00;15:00:00;RLAN1;TP3;C7;::1ATP3:HERNANDEZSEBASTIEN::(Updated:27/11/202315:00)
759;2023-10-18:;08:00:00;10:00:00;Web1;TDB;B3;::1ATDB:HABACHIOUSSAMA::(Updated:28/09/202311:14)
760;2023-11-29:;14:30:00;16:30:00;PPP1;TDC;B2;::1ATDC:MAYETKARINE::(Updated:20/11/202310:41)
761;2023-10-11:;11:30:00;13:30:00;Web1;TDA;B3;::1ATDA:ZAYENEMARIEM::(Updated:05/10/202317:41)
762;2023-10-17:;08:00:00;09:00:00;SAE11;TP5;B7;::1ATP5:GIRAUDNADINE::(Updated:17/10/202310:35)
763;2024-01-18:;12:30:00;14:30:00;SAE15;TP3;C5;::1ATP3:PERRIOTROMAIN::(Updated:09/01/202415:59)
764;2023-11-29:;14:30:00;16:30:00;Prog1;TP4;B1bis;::1ATP4:PERRIOTROMAIN::(Updated:23/11/202310:33)
765;2023-10-10:;06:00:00;08:00:00;SAE12;TP1;B8;::1ATP1:HERNANDEZSEBASTIEN::(Updated:03/10/202317:54)
766;2023-09-25:;08:00:00;10:00:00;Telecom1;TDA;A5;::1ATDA:CAPALLERAFLORENCE::(Updated:07/07/202313:04)
767;2023-10-03:;06:00:00;08:00:00;Prog1;TDC;C5;::1ATDC:PERRIOTROMAIN::(Updated:25/09/202313:48)
768;2023-11-09:;12:30:00;14:30:00;Math-Signal1;TDA;A8;::1ATDA:MATARHOUSSEIN::(Updated:13/10/202311:29)
769;2023-12-04:;08:00:00;11:00:00;Archi-Sys1;TP2;C5;::1ATP2:PERRIOTROMAIN::(Updated:09/11/202312:47)
770;2023-11-16:;07:00:00;09:00:00;Syst1;TP1;B3;::1ATP1:WEZLMICHAEL::(Updated:24/10/202313:49)
771;2023-09-14:;06:00:00;07:00:00;SAE11;Cours;A5-A5bis;::1A:JACQUETFREDERIQUE::(Updated:07/07/202313:42)
772;2023-09-22:;08:00:00;10:00:00;Syst1;TDA;B3;::1ATDA:JACQUETFREDERIQUE::(Updated:15/09/202317:30)
773;2023-12-06:;08:00:00;11:00:00;Archi-Sys1;TP4;C5;::1ATP4:PERRIOTROMAIN::(Updated:09/11/202311:38)
774;2023-09-22:;08:00:00;10:00:00;PPP1;TDB;B7;::1ATDB:GIRAUDNADINE::(Updated:11/09/202310:33)
775;2024-01-15:;17:00:00;18:00:00;SAE14;TP2;B7;::1ATP2:HABACHIOUSSAMA::(Updated:18/12/202310:41)
776;2023-10-24:;11:30:00;13:30:00;Anglais1;TP3;LabomultimédiaA105;::1ATP3:GORDONNATHALIE::(Updated:21/10/202313:33)
777;2023-10-19:;13:30:00;15:30:00;Anglais1;TP3;LabomultimédiaA109;::1ATP3:GORDONNATHALIE::(Updated:06/10/202318:42)
778;2023-11-24:;12:30:00;14:30:00;SAE12;TDC-PT;C1bis,B6;::1ATDC::(Updated:20/11/202310:08)
779;2024-01-11:;09:00:00;11:00:00;Anglais1;TP4;LabomultimédiaA105;::1ATP4:GORDONNATHALIE::(Updated:03/12/202313:22)
780;2023-11-29:;12:30:00;14:30:00;Init-Rés1;Examen;SalleexamenMPC003;::1A:FREITASANTONIO::(Updated:09/11/202312:46)
781;2023-09-28:;11:30:00;13:30:00;Syst1;TDA;B3;::1ATDA:JACQUETFREDERIQUE::(Updated:18/09/202313:53)
782;2023-12-15:;13:00:00;15:00:00;PPP1;TDC;B2;::1ATDC:MAYETKARINE::(Updated:20/11/202310:50)
783;2023-10-26:;06:00:00;08:00:00;Prog1;TP2;B3;::1ATP2:ZAYENEMARIEM::(Updated:11/10/202320:11)
784;2023-09-28:;13:30:00;15:30:00;Prog1;TP2;C5;::1ATP2:ZAYENEMARIEM::(Updated:24/08/202319:32)
785;2023-11-21:;08:00:00;11:00:00;Archi-Sys1;TP4;C7;::1ATP4:PERRIOTROMAIN::(Updated:31/10/202318:33)
786;2023-11-17:;09:00:00;11:00:00;Com1;TP1;B7;::1ATP1:GIRAUDNADINE::(Updated:24/10/202313:48)
787;2023-10-02:;11:30:00;13:30:00;Math-Signal1;TDC;A6;::1ATDC:BOUAYEDAYMENE::(Updated:10/10/202311:17)
788;2023-10-27:;09:00:00;10:00:00;SAE11;TP5;B8;::1ATP5:JACQUETFREDERIQUE::(Updated:10/10/202313:16)
789;2023-12-13:;09:00:00;11:00:00;RLAN1;TDA;C1bis;::1ATDA:FREITASANTONIO::(Updated:09/11/202316:18)
790;2024-01-08:;12:30:00;14:30:00;Prog1;TP4;C5;::1ATP4:PERRIOTROMAIN::(Updated:27/11/202315:02)
791;2023-12-14:;09:00:00;11:00:00;PPP1;TDA;B7;::1ATDA:GIRAUDNADINE::(Updated:09/11/202316:23)
792;2023-12-22:;07:00:00;09:00:00;Math-Trans1;TDB;A6;::1ATDB:BENGANAFAYCAL::(Updated:25/10/202311:50)
793;2023-12-21:;14:30:00;16:30:00;SAE15;TDA;B8;::1ATDA:HABACHIOUSSAMA::(Updated:20/11/202310:36)
794;2023-11-08:;15:30:00;18:30:00;Init-Rés1;TP1;B8;::1ATP1:BROSLAURENT::(Updated:19/10/202316:50)
795;2023-11-06:;12:30:00;14:30:00;Math-Signal1;TDC;A5;::1ATDC:BOUAYEDAYMENE::(Updated:25/10/202311:45)
796;2023-11-14:;08:00:00;09:00:00;SAE14;Cours;A5-A5bis;::1A:GIRAUDNADINE::(Updated:14/11/202310:01)
797;2023-09-21:;06:00:00;08:00:00;Syst1;TDB;B3;::1ATDB:JACQUETFREDERIQUE::(Updated:07/07/202313:12)
798;2023-09-29:;08:00:00;10:00:00;Telecom1;TDC;A5;::1ATDC:CAPALLERAFLORENCE::(Updated:24/09/202318:40)
799;2023-12-04:;14:30:00;17:30:00;Archi-Sys1;TP5;B6;::1ATP5:PERRIOTROMAIN::(Updated:09/11/202312:57)
800;2023-11-08:;09:00:00;11:00:00;Prog1;TP3;B8;::1ATP3:ZAYENEMARIEM::(Updated:07/11/202317:02)
801;2024-01-12:;08:00:00;11:00:00;SAE13;TP2;C1;::1ATP2:CAPALLERAFLORENCE::(Updated:27/11/202315:55)
802;2024-01-08:;14:30:00;16:30:00;Anglais1;TP5;LabomultimédiaA105;::1ATP5:GORDONNATHALIE::(Updated:03/12/202313:21)
803;2023-11-23:;09:00:00;11:00:00;Prog1;TP3;B1bis;::1ATP3:ZAYENEMARIEM::(Updated:31/10/202319:13)
804;2023-11-16:;15:00:00;17:00:00;Anglais1;TP3;LabomultimédiaA105;::1ATP3:GORDONNATHALIE::(Updated:21/10/202313:33)
805;2023-10-02:;08:00:00;10:00:00;Math-Signal1;TDB;A5;::1ATDB:COURSIMAULTDAVID::(Updated:11/09/202315:41)
806;2023-10-09:;11:30:00;13:30:00;Prog1;TP4;C5;::1ATP4:PERRIOTROMAIN::(Updated:03/10/202317:50)
807;2023-10-16:;08:00:00;10:00:00;Syst1;TDA;B3;::1ATDA:JACQUETFREDERIQUE::(Updated:05/10/202318:44)
808;2023-12-04:;12:30:00;14:30:00;Prog1;TP4;C5;::1ATP4:PERRIOTROMAIN::(Updated:28/11/202318:27)
809;2024-01-11:;15:00:00;17:00:00;SAE15;TP4;B3;::1ATP4:PERRIOTROMAIN::(Updated:11/01/202410:05)
810;2023-11-23:;14:30:00;16:30:00;Anglais1;TP3;LabomultimédiaA105;::1ATP3:GORDONNATHALIE::(Updated:21/10/202313:33)
811;2024-01-12:;12:30:00;14:30:00;SAE15;TDB-PT;C1bis,C5;::1ATDB::(Updated:27/11/202316:18)
812;2023-10-19:;06:00:00;08:00:00;Math-Signal1;TDA;A8;::1ATDA:MATARHOUSSEIN::(Updated:28/09/202311:28)
813;2023-10-26:;08:00:00;10:00:00;Syst1;TP2;C5;::1ATP2:JACQUETFREDERIQUE::(Updated:10/10/202318:34)
814;2023-09-22:;12:00:00;14:00:00;PPP1;TDC;B7;::1ATDC:MAYETKARINE::(Updated:20/11/202310:41)
815;2023-09-15:;08:00:00;09:00:00;SAE12;Cours;A5-A5bis;::1A:HERNANDEZSEBASTIEN::(Updated:08/09/202313:01)
816;2023-11-24:;09:00:00;11:00:00;SAE12;TDA;B3;::1ATDA:HERNANDEZSEBASTIEN::(Updated:14/11/202310:36)
817;2023-11-28:;12:00:00;15:00:00;Archi-Rés1;TP2;C1bis;::1ATP2:HERNANDEZSEBASTIEN::(Updated:09/11/202311:25)
818;2023-10-23:;08:00:00;10:00:00;Elec1;TDA;A5;::1ATDA:CAPALLERAFLORENCE::(Updated:10/10/202313:01)
819;2023-10-24:;08:00:00;10:00:00;Web1;TDC;C5;::1ATDC:PERRIOTROMAIN::(Updated:10/10/202318:40)
820;2024-01-26:;14:00:00;15:30:00;SAE12;TP5;C7;::1ATP5:HERNANDEZSEBASTIEN::(Updated:27/11/202315:52)
821;2023-10-12:;08:00:00;10:00:00;SAE11;TDA;B7;::1ATDA:GIRAUDNADINE::(Updated:03/10/202311:24)
822;2024-01-15:;09:00:00;11:00:00;Math-Trans1;TDA;B6;::1ATDA:COURSIMAULTDAVID::(Updated:19/12/202312:36)
823;2023-09-18:;08:00:00;09:00:00;Init-Rés1;Cours;A5-A5bis;::1A:FREITASANTONIO::(Updated:11/07/202317:09)
824;2024-01-10:;15:30:00;18:30:00;Archi-Rés1;TP1;B8;::1ATP1:BROSLAURENT::(Updated:09/11/202311:22)
825;2023-12-05:;09:00:00;10:00:00;RLAN1;Cours;A5-A5bis;::1A:FREITASANTONIO::(Updated:09/11/202312:52)
826;2023-10-12:;06:00:00;08:00:00;Syst1;TP2;C5;::1ATP2:JACQUETFREDERIQUE::(Updated:03/10/202311:25)
827;2023-09-19:;13:30:00;15:30:00;Prog1;TDC;C5;::1ATDC:PERRIOTROMAIN::(Updated:12/09/202316:45)
828;2023-11-14:;14:30:00;16:30:00;Prog1;TP1;C5;::1ATP1:SIGURETARNAUD::(Updated:31/10/202317:58)
829;2023-09-29:;06:00:00;08:00:00;Math-Signal1;TDA;A8;::1ATDA:MATARHOUSSEIN::(Updated:25/09/202311:14)
830;2024-01-16:;12:00:00;15:00:00;SAE13;TP5;C1;::1ATP5:CAPALLERAFLORENCE::(Updated:27/11/202315:49)
831;2023-09-29:;08:00:00;10:00:00;SAE11;TDA;B3;::1ATDA:JACQUETFREDERIQUE::(Updated:24/08/202319:14)
832;2024-01-31:;13:30:00;14:30:00;Téléphonie2;Cours;A5-A5bis;::1A:TOUSSAINTJOEL::(Updated:08/01/202417:44)
833;2023-11-06:;14:30:00;16:30:00;Web1;TDA;B3;::1ATDA:ZAYENEMARIEM::(Updated:25/10/202311:44)
834;2023-11-22:;09:00:00;11:00:00;SAE14;TDC;B8;::1ATDC:HABACHIOUSSAMA::(Updated:16/11/202316:43)
835;2023-11-07:;12:30:00;14:30:00;Anglais1;TP2;B2;::1ATP2:BEIGNONDAGOSTINOLAURE::(Updated:29/10/202318:04)
836;2023-12-15:;07:00:00;09:00:00;SAE12;TDA;B8;::1ATDA:HERNANDEZSEBASTIEN::(Updated:09/11/202316:43)
837;2023-10-11:;08:00:00;10:00:00;Syst1;TDC;C5;::1ATDC:JACQUETFREDERIQUE::(Updated:25/09/202317:09)
838;2023-10-02:;07:00:00;08:00:00;Elec1;Cours;A5-A5bis;::1A:CAPALLERAFLORENCE::(Updated:25/08/202312:07)
839;2024-01-23:;12:30:00;14:30:00;SAE15;TP2;B3;::1ATP2:HAYEKFREDERIC::(Updated:27/11/202316:23)
840;2024-01-17:;12:00:00;15:00:00;RLAN1;TP1;B8;::1ATP1:CHEBBISAMAR::(Updated:27/11/202315:27)
841;2023-09-21:;11:30:00;13:30:00;SAE11;TDC;C5;::1ATDC:JACQUETFREDERIQUE::(Updated:11/09/202316:18)
842;2023-11-30:;07:00:00;09:00:00;SAE14;TP1;B2;::1ATP1:BEIGNONDAGOSTINOLAURE::(Updated:20/11/202310:39)
843;2023-10-09:;08:00:00;10:00:00;Elec1;TDB;A8;::1ATDB:CAPALLERAFLORENCE::(Updated:25/09/202316:27)
844;2023-10-13:;06:00:00;08:00:00;SAE12;TP5;C5;::1ATP5:HERNANDEZSEBASTIEN::(Updated:03/10/202317:47)
845;2023-12-18:;09:00:00;11:00:00;RLAN1;TDA;B3;::1ATDA:FREITASANTONIO::(Updated:09/11/202316:48)
846;2023-12-12:;07:00:00;09:00:00;Anglais1;TP1;B2;::1ATP1:BEIGNONDAGOSTINOLAURE::(Updated:06/12/202309:47)
847;2024-01-25:;12:30:00;14:30:00;SAE15;TP4;C5;::1ATP4:PERRIOTROMAIN::(Updated:09/01/202416:00)
848;2023-10-06:;14:00:00;16:00:00;Soutienmath/info;;C5,A5;::1ATDC::(Updated:28/09/202313:58)
849;2023-12-05:;15:00:00;18:00:00;Archi-Rés1;TP3;B8;::1ATP3:DELOSHUGO::(Updated:09/11/202312:50)
850;2024-01-17:;12:00:00;15:00:00;SAE13;TP3;C1;::1ATP3:CAPALLERAFLORENCE::(Updated:18/12/202310:27)
851;2023-11-16:;14:30:00;16:30:00;Com1;TP1;B7;::1ATP1:GIRAUDNADINE::(Updated:07/11/202317:04)
852;2024-01-26:;12:30:00;14:00:00;SAE12;TP1;B3;::1ATP1:HERNANDEZSEBASTIEN::(Updated:20/12/202310:17)
853;2024-01-30:;09:00:00;10:00:00;Télécoms2;Cours;A5-A5bis;::1A:CAPALLERAFLORENCE::(Updated:08/01/202417:46)
854;2023-11-06:;14:30:00;16:30:00;Anglais1;TP3;LabomultimédiaA105;::1ATP3:GORDONNATHALIE::(Updated:21/10/202313:33)
855;2023-11-30:;14:30:00;16:30:00;Com1;TP1;B7;::1ATP1:GIRAUDNADINE::(Updated:13/11/202312:09)
856;2023-11-10:;12:30:00;15:30:00;Init-Rés1;TP2;B8;::1ATP2:HERNANDEZSEBASTIEN::(Updated:19/10/202316:40)
857;2023-09-22:;11:30:00;13:30:00;Telecom1;TDA;A5bis;::1ATDA:CAPALLERAFLORENCE::(Updated:11/07/202317:13)
858;2023-09-15:;11:30:00;13:30:00;Telecom1;TDB;A5;::1ATDB:CAPALLERAFLORENCE::(Updated:10/07/202313:04)
859;2023-12-12:;14:30:00;16:30:00;Anglais1;TP4;LabomultimédiaA105;::1ATP4:GORDONNATHALIE::(Updated:13/12/202311:14)
860;2023-12-08:;12:30:00;15:30:00;Archi-Sys1;TP3;B3;::1ATP3:PERRIOTROMAIN::(Updated:09/11/202312:47)
861;2023-09-26:;09:00:00;10:00:00;Init-Rés1;Cours;A5-A5bis;::1A:FREITASANTONIO::(Updated:07/07/202311:30)
862;2023-11-27:;12:00:00;15:00:00;Archi-Sys1;TP5;C5;::1ATP5:PERRIOTROMAIN::(Updated:09/11/202318:47)
863;2023-10-13:;11:30:00;12:30:00;Telecom1;Examen;SalleexamenMPC003;::1A:CAPALLERAFLORENCE::(Updated:25/09/202316:55)
864;2024-01-31:;12:30:00;13:30:00;Téléphonie2;Cours;A5-A5bis;::1A:TOUSSAINTJOEL::(Updated:08/01/202417:44)
865;2023-12-04:;08:00:00;11:00:00;Telecom1;TP1;C1;::1ATP1:CAPALLERAFLORENCE::(Updated:15/11/202319:56)
866;2023-10-27:;11:30:00;14:30:00;Elec1;TP2;B1bis;::1ATP2:CAPALLERAFLORENCE::(Updated:20/10/202317:03)
867;2024-01-10:;09:00:00;11:00:00;SAE14;TP4;B2;::1ATP4:BEIGNONDAGOSTINOLAURE::(Updated:27/11/202315:55)
868;2023-11-13:;12:30:00;14:30:00;SAE13;TDC;B1bis;::1ATDC:COURSIMAULTDAVID::(Updated:13/11/202316:52)
869;2023-09-28:;08:00:00;10:00:00;Prog1;TP1;C5;::1ATP1:SIGURETARNAUD::(Updated:24/08/202319:32)
870;2023-11-07:;14:30:00;16:30:00;SAE12;TDB;B3;::1ATDB:FREITASANTONIO::(Updated:18/10/202310:29)
871;2023-10-03:;11:30:00;13:30:00;Syst1;TDC;C5;::1ATDC:JACQUETFREDERIQUE::(Updated:25/09/202313:44)
872;2024-01-16:;09:00:00;11:00:00;SAE15;TDB;B8;::1ATDB:HABACHIOUSSAMA::(Updated:18/12/202310:38)
873;2024-01-12:;09:00:00;11:00:00;Prog1;TP3;B3;::1ATP3:ZAYENEMARIEM::(Updated:27/11/202316:17)
874;2023-10-23:;13:30:00;15:30:00;Syst1;TP5;C5;::1ATP5:JACQUETFREDERIQUE::(Updated:10/10/202318:40)
875;2023-12-08:;12:30:00;15:30:00;Archi-Rés1;TP5;C1bis;::1ATP5:FREITASANTONIO::(Updated:24/11/202311:29)
876;2023-10-17:;13:30:00;15:30:00;Anglais1;TDB;LabomultimédiaA105;::1ATDB:BEIGNONDAGOSTINOLAURE::(Updated:10/10/202312:53)
877;2023-12-01:;09:00:00;11:00:00;SAE12;TDA-PT;B3,C1bis;::1ATDA::(Updated:27/11/202310:58)
878;2023-11-06:;09:00:00;11:00:00;Math-Signal1;TDB;A5bis;::1ATDB:COURSIMAULTDAVID::(Updated:13/10/202311:17)
879;2023-12-20:;12:00:00;15:00:00;SAE13;TP1;C1;::1ATP1:CAPALLERAFLORENCE::(Updated:20/11/202310:36)
880;2023-12-18:;12:30:00;14:30:00;SAE15;TDB;B6;::1ATDB:HABACHIOUSSAMA::(Updated:09/11/202317:12)
881;2023-10-26:;06:00:00;08:00:00;Syst1;TP3;C5;::1ATP3:JACQUETFREDERIQUE::(Updated:10/10/202318:34)
882;2023-10-05:;06:00:00;08:00:00;Syst1;TP4;B3;::1ATP4:WEZLMICHAEL::(Updated:29/09/202318:17)
883;2023-09-27:;11:30:00;13:30:00;Prog1;TP4;C5;::1ATP4:PERRIOTROMAIN::(Updated:26/09/202312:48)
884;2023-11-28:;08:00:00;09:00:00;RLAN1;Cours;A5-A5bis;::1A:FREITASANTONIO::(Updated:15/11/202315:53)
885;2024-01-09:;12:00:00;15:00:00;RLAN1;TP3;B8;::1ATP3:HERNANDEZSEBASTIEN::(Updated:27/11/202314:57)
886;2024-01-10:;08:00:00;11:00:00;SAE13;TP3;C1;::1ATP3:CAPALLERAFLORENCE::(Updated:27/11/202315:48)
887;2023-12-12:;09:00:00;10:00:00;RLAN1;Cours;A5-A5bis;::1A:FREITASANTONIO::(Updated:09/11/202312:52)
888;2024-01-22:;12:00:00;15:00:00;SAE13;TP2;C1;::1ATP2:CAPALLERAFLORENCE::(Updated:27/11/202315:49)
889;2024-01-08:;12:00:00;15:00:00;Archi-Rés1;TP2;B8;::1ATP2:HERNANDEZSEBASTIEN::(Updated:27/11/202314:52)
890;2024-01-12:;08:00:00;11:00:00;Archi-Rés1;TP5;B8;::1ATP5:FREITASANTONIO::(Updated:27/11/202314:53)
891;2023-10-19:;08:00:00;10:00:00;SAE13;TDC-PT;A6,B1bis;::1ATDC::(Updated:19/10/202311:08)
892;2023-12-12:;12:30:00;14:30:00;RLAN1;TDB;C1bis;::1ATDB:FREITASANTONIO::(Updated:09/11/202316:18)
893;2023-09-22:;06:00:00;08:00:00;Math-Signal1;TDA;A5bis;::1ATDA:MATARHOUSSEIN::(Updated:25/09/202311:14)
894;2023-09-21:;11:30:00;13:30:00;Anglais1;TDB;LabomultimédiaA109;::1ATDB:BEIGNONDAGOSTINOLAURE::(Updated:17/07/202317:40)
895;2023-12-22:;08:00:00;11:00:00;Archi-Sys1;TP5;C5;::1ATP5:PERRIOTROMAIN::(Updated:27/11/202315:23)
896;2023-10-25:;11:30:00;13:30:00;SAE12;TDA-PT;C5,B6;::1ATDA::(Updated:10/10/202318:45)
897;2024-02-02:;09:00:00;10:00:00;Admin_Sys2;Cours;A5-A5bis;::1A:HERNANDEZSEBASTIEN::(Updated:08/01/202418:12)
